person_id,display_first_last,from_year,to_year,draft_year,height_feet,height_inches,weight,team_id,jersey,school,country
2,Byron Scott,1983,1996,1983,6,4,205,1610612747,,Arizona State,USA
7,Dan Schayes,1981,1998,1981,6,11,260,1610612743,24,Syracuse,USA
9,Sedale Threatt,1983,1996,1983,6,2,185,1610612747,2,West Virginia Tech,USA
12,Chris King,1993,1998,1992,6,8,215,0,,Wake Forest,USA
15,Eric Piatkowski,1994,2007,1994,6,7,215,1610612746,52,Nebraska,USA
17,Clyde Drexler,1983,1997,1983,6,7,222,1610612757,22,Houston,USA
21,Greg Anthony,1991,2001,1991,6,1,180,1610612752,50,UNLV,USA
22,Rik Smits,1988,1999,1988,7,4,265,1610612754,45,Marist,USA
23,Dennis Rodman,1986,1999,1986,6,7,210,1610612765,10,Southeastern Oklahoma State,USA
24,Keith Jennings,1992,1994,,5,7,160,1610612744,2,East Tennessee State,USA
26,Luc Longley,1991,2000,1991,,,,0,,New Mexico,USA
28,Doug West,1989,2000,1989,,,,0,,Villanova,USA
29,Jim McIlvaine,1994,2000,1994,,,,0,,Marquette,USA
31,Lorenzo Williams,1992,1999,,6,9,200,0,,Stetson,USA
32,Clifford Rozier,1994,1997,1994,6,11,245,0,,Louisville,USA
35,Eric Riley,1993,1998,1993,7,0,245,1610612745,44,Michigan,USA
36,Sarunas Marciulionis,1989,1996,1987,6,5,200,1610612739,78,Statyba,Lithuania
37,Greg Graham,1993,1997,1993,6,4,174,0,,Indiana,USA
38,Brad Lohaus,1987,1997,1987,6,11,230,1610612749,54,Iowa,USA
41,Anthony Bonner,1990,2002,1990,6,8,230,1610612758,33,St. Louis,USA
42,Monty Williams,1994,2002,1994,6,8,225,1610612753,5,Notre Dame,USA
43,Chris Whitney,1993,2003,1993,6,0,175,1610612764,12,Clemson,USA
45,George McCloud,1989,2002,1989,6,8,230,1610612754,21,Florida State,USA
46,Mike Peplowski,1993,1995,1993,6,10,270,1610612758,54,Michigan State,USA
47,Wayman Tisdale,1985,1996,1985,6,9,260,1610612758,23,Oklahoma,USA
49,Gheorghe Muresan,1993,1999,1993,7,7,303,1610612764,77,Pau Orthez,Romania
52,Micheal Williams,1988,1998,1988,6,2,175,0,,Baylor,USA
53,Mario Elie,1990,2000,1985,6,5,225,1610612745,17,American International,USA
54,Dickey Simpkins,1994,2001,1994,,,,0,,Providence,USA
55,Marty Conlon,1991,1999,,6,10,224,0,,Providence,USA
56,Gary Payton,1990,2006,1990,6,4,190,1610612760,20,Oregon State,USA
57,Doug Christie,1992,2006,1992,6,6,205,0,,Pepperdine,USA
61,Carl Herrera,1991,2008,1990,,,,0,,Houston,USA
63,Michael Smith,1994,2000,1994,6,8,240,1610612758,34,Providence,USA
65,Greg Minor,1994,1998,1994,6,6,210,0,,Louisville,USA
66,Marques Bragg,1995,1995,,6,8,230,1610612750,33,Providence,USA
67,Tom Hammonds,1989,2000,1989,,,,0,,Georgia Tech,USA
71,Pooh Richardson,1989,1998,1989,6,1,180,0,,UCLA,USA
72,Kenny Anderson,1991,2004,1991,6,1,168,0,,Georgia Tech,USA
73,Hot Rod Williams,1986,1998,1985,6,11,245,1610612739,18,Tulane,USA
74,Derrick Phelps,1994,1994,,6,4,181,1610612758,5,North Carolina,USA
77,Doug Overton,1992,2003,1991,6,3,190,1610612764,24,La Salle,USA
80,Ken Norman,1987,1996,1987,6,8,215,0,,Illinois,USA
81,Jeff Grayer,1988,1997,1988,6,5,210,1610612749,20,Iowa State,USA
82,Bill Wennington,1985,1999,1985,7,0,245,0,,St. John's (NY),USA
84,Latrell Sprewell,1992,2004,1992,6,5,195,1610612744,8,Alabama,USA
87,Dikembe Mutombo,1991,2008,1991,7,2,260,1610612743,55,Georgetown,Congo
88,Steve Scheffler,1990,1996,1990,6,9,250,0,,Purdue,USA
89,Nick Van Exel,1993,2005,1993,6,1,190,1610612747,31,Cincinnati,USA
93,Hubert Davis,1992,2003,1992,6,5,183,1610612752,44,North Carolina,USA
95,Mark Bryant,1988,2002,1988,6,9,250,1610612757,9,Seton Hall,USA
96,Detlef Schrempf,1985,2000,1985,6,10,235,1610612760,12,Washington,USA
97,Ronnie Grandison,1988,1995,1987,6,6,220,1610612738,20,New Orleans,USA
98,Nick Anderson,1989,2002,1989,6,6,228,1610612753,5,Illinois,USA
100,Tim Legler,1989,1999,,6,4,200,0,,La Salle,USA
101,Scott Skiles,1986,1995,1986,6,1,180,1610612753,5,Michigan State,USA
103,Todd Day,1992,2000,1992,,,,0,,Arkansas,USA
104,Benoit Benjamin,1985,1999,1985,7,0,250,0,,Creighton,USA
105,Dan Majerle,1988,2001,1988,6,6,222,1610612756,9,Central Michigan,USA
107,Dale Ellis,1983,1999,1983,6,7,205,0,,Tennessee,USA
109,Robert Horry,1992,2007,1992,6,10,240,1610612747,25,Alabama,USA
111,LaPhonso Ellis,1992,2002,1992,6,8,240,1610612743,3,Notre Dame,USA
112,Dontonio Wingfield,1994,1997,1994,6,8,256,0,,Cincinnati,USA
114,Harold Miner,1992,1995,1992,6,5,210,1610612748,4,Southern California,USA
116,David Wood,1988,1996,,6,9,230,1610612744,7,Nevada-Reno,USA
117,Jeff Malone,1983,1995,1983,6,4,205,0,,Mississippi State,USA
120,Steven Smith,1991,2004,1991,6,8,221,1610612737,8,Michigan State,USA
122,Fred Roberts,1983,1996,1982,6,10,218,0,,Brigham Young,USA
123,Robert Pack,1991,2003,,6,2,190,0,,Southern California,USA
124,Vlade Divac,1989,2004,1989,7,1,260,1610612747,21,Partizan,Serbia
128,David Benoit,1991,2000,,6,8,220,1610612762,21,Alabama,USA
129,Dino Radja,1993,1996,1989,6,11,225,0,,Virtus Roma,Croatia
132,Dwayne Morton,1994,1994,1994,6,7,195,1610612744,50,Louisville,USA
133,David Wesley,1993,2006,,6,1,203,1610612766,4,Baylor,USA
134,Kevin Johnson,1987,1999,1987,6,1,190,1610612756,7,California,USA
136,P.J. Brown,1993,2007,1992,6,11,239,1610612740,93,Louisiana Tech,USA
137,Vernon Maxwell,1988,2000,1988,6,4,190,1610612745,3,Florida,USA
138,Anthony Avent,1992,1999,1991,6,9,240,1610612749,30,Seton Hall,USA
140,Donald Royal,1989,1997,1987,6,8,218,1610612753,5,Notre Dame,USA
143,Terry Dehere,1993,1998,1993,6,4,190,1610612746,24,Seton Hall,USA
145,Tracy Murray,1992,2003,1992,6,7,230,0,,UCLA,USA
146,Jud Buechler,1990,2001,1990,6,6,228,1610612741,30,Arizona,USA
147,Jalen Rose,1994,2006,1994,6,8,215,1610612754,8,Michigan,USA
149,Michael Adams,1985,1995,1985,5,10,165,1610612743,23,Boston College,USA
156,Antoine Carr,1984,1999,1983,6,9,225,0,,Wichita State,USA
157,Derek Harper,1983,1998,1983,6,4,206,1610612742,12,Illinois,USA
160,Tim Breaux,1994,1997,,6,7,215,0,,Wyoming,USA
164,Chris Childs,1994,2002,,6,3,195,1610612752,,Boise State,USA
165,Hakeem Olajuwon,1984,2002,1984,7,0,255,1610612745,34,Houston,Nigeria
166,Ron Harper,1986,2000,1986,6,6,215,1610612741,4,Miami (Ohio),USA
168,Chris Mills,1993,2002,1993,6,7,220,1610612739,34,Arizona,USA
170,Joe Kleine,1985,1999,1985,6,11,255,0,,Arkansas,USA
175,Alton Lister,1981,1997,1981,7,0,245,1610612749,53,Arizona State,USA
176,Antonio Harvey,1993,2002,,6,11,250,1610612747,4,Pfeiffer,USA
177,Muggsy Bogues,1987,2000,1987,,,,0,,Wake Forest,USA
179,Bryant Stith,1992,2002,1992,6,5,210,1610612743,23,Virginia,USA
180,John Crotty,1992,2002,,,,,0,,Virginia,USA
181,Kenny Smith,1987,1996,1987,6,3,170,1610612745,30,North Carolina,USA
182,Billy Owens,1991,2002,1991,6,9,225,1610612744,2,Syracuse,USA
183,Bison Dele,1991,1998,1991,6,11,260,1610612743,8,Arizona,USA
185,Chris Webber,1993,2007,1993,6,10,245,0,4,Michigan,USA
187,Terry Cummings,1982,1999,1982,6,9,220,0,,DePaul,USA
189,B.J. Tyler,1994,1994,1994,6,1,185,1610612755,1,Texas-Austin,USA
190,Duane Causwell,1990,2002,1990,7,0,255,1610612758,,Temple,USA
192,Dennis Scott,1990,1999,1990,6,8,229,1610612753,9,Georgia Tech,USA
193,Anthony Mason,1989,2002,1988,6,8,255,1610612752,17,Tennessee State,USA
197,Scott Burrell,1993,2000,1993,6,7,218,1610612766,2,Connecticut,USA
198,Danny Ferry,1990,2002,1989,6,10,235,1610612739,35,Duke,USA
199,Reggie Williams,1987,1996,1987,,,,0,,Georgetown,USA
203,Nate McMillan,1986,1997,1986,6,5,210,1610612760,10,North Carolina State,USA
209,Dell Curry,1986,2001,1986,6,5,205,1610612766,30,Virginia Tech,USA
210,Terrell Brandon,1991,2002,1991,5,11,173,1610612739,7,Oregon,USA
211,Eric Mobley,1994,1996,1994,6,11,235,0,,Pittsburgh,USA
212,Yinka Dare,1994,1997,1994,7,0,265,0,,George Washington,USA
213,Antonio Davis,1993,2005,1990,6,9,245,0,,Texas-El Paso,USA
216,Brian Shaw,1988,2002,1988,6,6,200,1610612747,20,California-Santa Barbara,USA
221,Clar. Weatherspoon,1992,2004,1992,6,7,270,1610612755,30,Southern Mississippi,USA
223,Bill Curley,1994,2000,1994,,,,0,,Boston College,USA
224,Eddie Jones,1994,2007,1994,6,6,200,1610612748,6,Temple,USA
226,Antonio Lang,1994,1999,1994,6,8,205,0,,Duke,USA
228,Adam Keefe,1992,2000,1992,6,9,230,1610612762,32,Stanford,USA
234,Khalid Reeves,1994,1999,1994,6,3,199,0,,Arizona,USA
236,Kevin Edwards,1988,2000,1988,6,3,210,1610612748,21,DePaul,USA
238,Tyrone Hill,1990,2003,1990,6,9,250,0,,Xavier,USA
239,Darrick Martin,1994,2007,,5,11,170,0,,UCLA,USA
240,Brooks Thompson,1994,1997,1994,6,4,193,0,,Oklahoma State,USA
241,Darrin Hancock,1994,1996,1994,6,7,205,1610612766,35,Kansas,USA
243,Aaron McKie,1994,2006,1994,6,5,209,1610612755,2,Temple,USA
244,Dee Brown,1990,2001,1990,,,,0,,Jacksonville,USA
246,Greg Anderson,1987,1997,1987,6,10,250,1610612759,0,Houston,USA
248,George Lynch,1993,2004,1993,6,8,235,1610612740,9,North Carolina,USA
251,Sean Elliott,1989,2000,1989,6,8,220,1610612759,32,Arizona,USA
252,Karl Malone,1985,2003,1985,6,9,259,1610612762,32,Louisiana Tech,USA
255,Grant Hill,1994,2012,1994,6,8,225,1610612765,33,Duke,USA
258,Brian Grant,1994,2005,1994,6,9,254,1610612748,55,Xavier,USA
262,Michael Cage,1984,1999,1984,6,9,224,0,,San Diego State,USA
265,Harvey Grant,1988,1998,1988,6,9,225,1610612764,44,Oklahoma,USA
271,Johnny Newman,1986,2001,1986,6,7,210,1610612749,2,Richmond,USA
273,Duane Ferrell,1988,1998,,6,7,215,1610612737,33,Georgia Tech,USA
275,Allan Houston,1993,2004,1993,6,6,205,0,,Tennessee,USA
278,Stacey Augmon,1991,2005,1991,6,8,213,1610612737,2,UNLV,USA
279,Charles Jones,1983,1997,1979,6,9,215,1610612764,27,Albany State (GA),USA
280,Felton Spencer,1990,2001,1990,7,0,290,1610612750,50,Louisville,USA
281,Scott Williams,1990,2004,,6,10,260,0,,North Carolina,USA
283,Lindsey Hunter,1993,2009,1993,6,2,195,0,,Jackson State,USA
285,Greg Grant,1989,1995,1989,5,7,140,1610612755,9,College of New Jersey,USA
287,Eric Leckner,1988,1996,1988,6,11,265,1610612762,55,Wyoming,USA
288,Armen Gilliam,1987,1999,1987,6,9,260,1610612751,5,UNLV,USA
289,Ledell Eackles,1988,1997,1988,6,5,231,1610612764,21,New Orleans,USA
291,Ed Pinckney,1985,1996,1985,6,9,240,1610612738,54,Villanova,USA
292,Anthony Miller,1994,2004,1994,6,9,255,0,,Michigan State,USA
293,Charles Smith,1988,1996,1988,6,10,244,1610612746,54,Pittsburgh,USA
296,Rick Fox,1991,2003,1991,6,7,235,1610612747,17,North Carolina,Canada
297,Alonzo Mourning,1992,2007,1992,6,10,261,1610612748,33,Georgetown,USA
299,Glenn Robinson,1994,2004,1994,6,7,240,1610612749,3,Purdue,USA
302,Mookie Blaylock,1989,2001,1989,,,,0,,Oklahoma,USA
304,John Stockton,1984,2002,1984,6,1,175,1610612762,12,Gonzaga,USA
305,Robert Parish,1976,1996,1976,7,1,244,1610612738,00,Centenary-Louisiana,USA
308,Derrick Alston,1994,1996,1994,6,11,225,0,,Duquesne,USA
310,Bobby Hurley,1993,1997,1993,6,0,165,1610612758,12,Duke,USA
316,Richard Manning,1995,1996,1993,6,11,245,1610612763,50,Washington,USA
317,John Starks,1988,2001,,6,5,190,1610612752,9,Oklahoma State,USA
320,Jamie Watson,1994,1998,1994,6,7,190,0,,South Carolina,USA
321,Scott Haskin,1993,1993,1993,6,11,250,1610612754,43,Oregon State,USA
323,Greg Foster,1990,2002,1990,6,11,250,1610612762,43,Texas-El Paso,USA
324,Anthony Peeler,1992,2004,1992,6,4,208,1610612750,8,Missouri,USA
330,Danny Manning,1988,2002,1988,6,10,234,0,,Kansas,USA
333,Kevin Gamble,1987,1996,1987,6,5,210,0,,Iowa,USA
335,Willie Anderson,1988,1996,1988,6,8,200,1610612759,35,Georgia,USA
339,Tom Gugliotta,1992,2004,1992,6,10,250,1610612756,7,North Carolina State,USA
340,Kevin Pritchard,1990,1995,1990,6,3,180,1610612744,12,Kansas,USA
342,Andy Toolson,1990,1995,,6,6,210,1610612762,5,Brigham Young,USA
344,Dana Barros,1989,2003,1989,5,11,165,1610612738,,Boston College,USA
345,Terry Porter,1985,2001,1985,6,3,205,1610612757,30,Wisconsin-Stevens Point,USA
346,Doug Edwards,1993,1995,1993,6,7,235,1610612737,32,Florida State,USA
348,Mitchell Butler,1993,2003,,6,5,210,1610612764,32,UCLA,USA
349,Mark Jackson,1987,2003,1987,6,3,195,1610612752,31,St. John's (NY),USA
351,Stacey King,1989,1996,1989,6,11,250,1610612741,33,Oklahoma,USA
353,Darrell Armstrong,1994,2007,,6,1,180,1610612753,10,Fayetteville State,USA
355,Vincent Askew,1987,1997,1987,6,6,210,0,,Memphis,USA
356,Chris Morris,1988,1998,1988,6,8,228,1610612751,34,Auburn,USA
357,Greg Sutton,1991,1995,1991,6,2,185,1610612766,20,Oral Roberts,USA
358,Anfernee Hardaway,1993,2007,1993,6,7,215,0,,Memphis,USA
361,Clifford Robinson,1989,2006,1989,6,10,245,1610612757,30,Connecticut,USA
363,Christian Laettner,1992,2004,1992,6,11,245,1610612750,44,Duke,USA
364,Rex Chapman,1988,1999,1988,6,4,185,0,,Kentucky,USA
365,Derrick McKey,1987,2001,1987,6,10,241,1610612754,9,Alabama,USA
368,Dwayne Schintzius,1990,1998,1990,7,2,285,1610612751,55,Florida,USA
369,Charlie Ward,1994,2004,1994,6,2,185,0,,Florida State,USA
371,Terry Mills,1990,2000,1990,,,,0,,Michigan,USA
375,Isaiah Rider,1993,2001,1993,,,,0,,UNLV,USA
376,Eric Montross,1994,2002,1994,7,0,270,1610612765,00,North Carolina,USA
378,Craig Ehlo,1983,1996,1983,6,6,180,0,,Washington State,USA
381,James Robinson,1993,2000,1993,,,,0,,Alabama,USA
383,Kendall Gill,1990,2004,1990,6,5,216,0,,Illinois,USA
384,Calbert Cheaney,1993,2005,1993,6,7,210,1610612764,40,Indiana,USA
386,Elliot Perry,1991,2001,1991,,,,0,,Memphis,USA
389,Toni Kukoc,1993,2005,1990,6,11,235,1610612741,7,Benetton Treviso,Croatia
390,Sasha Danilovic,1995,1996,1992,6,6,200,1610612748,5,Virtus Bologna,Serbia
393,Rod Strickland,1988,2004,1988,6,3,185,0,,DePaul,USA
400,Derek Strong,1991,2000,1990,6,9,240,1610612753,30,Xavier,USA
402,Jon Koncak,1985,1995,1985,7,0,250,1610612737,45,Southern Methodist,USA
404,Kevin Duckworth,1986,1996,1986,7,0,300,1610612757,00,Eastern Illinois,USA
406,Shaquille O'Neal,1992,2010,1992,7,1,325,1610612747,34,Louisiana State,USA
412,Sharone Wright,1994,1997,1994,6,11,260,0,,Clemson,USA
416,Willie Burton,1990,1998,1990,6,8,210,0,,Minnesota,USA
417,Sam Mitchell,1989,2001,1985,6,7,215,1610612750,42,Mercer,USA
418,Scott Brooks,1988,1997,,5,11,165,1610612745,2,California-Irvine,USA
420,Jayson Williams,1990,1998,1990,6,9,240,0,,St. John's (NY),USA
422,Avery Johnson,1988,2003,,5,11,185,1610612759,6,Southern,USA
423,Chris Gatling,1991,2001,1991,,,,0,,Old Dominion,USA
426,Terry Davis,1989,2000,,6,10,270,1610612742,54,Virginia Union,USA
428,Sherman Douglas,1989,2000,1989,,,,0,,Syracuse,USA
431,Shawn Kemp,1989,2002,1989,6,10,280,1610612760,40,Concord HS (IN),USA
433,Buck Williams,1981,1997,1981,6,8,225,1610612751,52,Maryland,USA
434,Tony Dumas,1994,1997,1994,6,6,190,0,,Missouri-Kansas City,USA
436,Juwan Howard,1994,2012,1994,6,9,250,1610612764,5,Michigan,USA
438,Robert Werdann,1992,1996,1992,6,11,250,1610612743,41,St. John's (NY),USA
440,Zan Tabak,1994,2000,1991,7,0,257,1610612761,55,Olimpia Milano,Croatia
441,Lamond Murray,1994,2005,1994,6,7,235,1610612746,31,California,USA
442,Pervis Ellison,1989,2000,1989,,,,0,,Louisville,USA
445,Wesley Person,1994,2004,1994,6,6,200,1610612739,10,Auburn,USA
446,Lucious Harris,1993,2004,1993,6,5,205,0,,Long Beach State,USA
448,Bo Outlaw,1993,2007,,6,8,220,0,,Houston,USA
452,Vin Baker,1993,2005,1993,6,11,240,1610612760,34,Hartford,USA
456,Chuck Person,1986,1999,1986,6,8,241,1610612754,45,Auburn,USA
457,Andrew Lang,1988,1999,1988,6,11,275,1610612756,28,Arkansas,USA
458,Howard Eisley,1994,2005,1994,6,2,185,1610612762,10,Boston College,USA
461,Popeye Jones,1993,2003,1992,6,8,265,1610612742,54,Murray State,USA
462,J.R. Reid,1989,2000,1989,,,,0,,North Carolina,USA
467,Jason Kidd,1994,2012,1994,6,4,210,1610612751,5,California,USA
468,Jon Barry,1992,2005,1992,6,5,210,0,,Georgia Tech,USA
469,Jamal Mashburn,1993,2003,1993,6,8,247,1610612742,24,Kentucky,USA
470,Doc Rivers,1983,1995,1983,6,4,210,1610612737,25,Marquette,USA
474,Stefano Rusconi,1995,1995,1990,6,9,240,1610612756,51,Benetton Treviso,Italy
475,Doug Smith,1991,1995,1991,6,10,220,1610612742,34,Missouri,USA
671,Donnie Boyce,1995,1996,1995,6,5,196,0,,Colorado,USA
672,Matt Bullard,1990,2002,,6,10,229,1610612745,50,Iowa,USA
673,Alan Henderson,1995,2006,1995,6,9,240,1610612737,44,Indiana,USA
674,Reggie Jordan,1993,1999,,6,4,195,0,,New Mexico State,USA
675,Junior Burrough,1995,1995,1995,6,8,242,1610612738,5,Virginia,USA
676,Thomas Hamilton,1995,2002,,7,2,330,1610612745,55,Pittsburgh,USA
677,Eric Williams,1995,2006,1995,6,8,220,0,,Providence,USA
678,George Zidek,1995,1997,1995,7,0,250,0,,UCLA,USA
679,Jason Caffey,1995,2002,1995,6,8,256,1610612741,35,Alabama,USA
680,John Amaechi,1995,2002,,6,10,270,1610612753,13,Penn State,United Kingdom
681,Donny Marshall,1995,2002,1995,6,7,230,1610612739,13,Connecticut,USA
682,Bob Sura,1995,2006,1995,6,5,200,1610612739,3,Florida State,USA
683,Darryl Johnson,1995,1995,1987,6,1,170,1610612739,30,Michigan State,USA
685,Cherokee Parks,1995,2003,1995,6,11,240,0,,Duke,USA
686,Antonio McDyess,1995,2010,1995,6,9,245,1610612765,34,Alabama,USA
687,Rastko Cvetkovic,1995,1995,,7,1,260,1610612743,8,Crvena zvezda,Serbia
688,Michael Curry,1993,2004,,6,5,210,0,,Georgia Southern,USA
689,Theo Ratliff,1995,2010,1995,6,10,235,1610612755,50,Wyoming,USA
690,Don Reid,1995,2002,1995,6,8,250,1610612765,52,Georgetown,USA
691,Lou Roe,1995,1996,1995,6,7,220,1610612765,21,Massachusetts,USA
692,Andrew DeClercq,1995,2004,1995,6,10,255,0,,Florida,USA
693,Joe Smith,1995,2010,1995,6,10,225,1610612750,1,Maryland,USA
694,Sam Mack,1992,2001,,,,,0,,Houston,USA
696,Travis Best,1995,2004,1995,5,11,182,1610612754,6,Georgia Tech,USA
698,Eddie Johnson,1981,1998,1981,,,,0,,Illinois,USA
699,Brent Barry,1995,2008,1995,6,7,210,1610612760,17,Oregon State,USA
700,Keith Tower,1993,1996,,6,11,250,0,,Notre Dame,USA
701,Frankie King,1995,1996,1995,6,1,185,1610612755,20,Western Carolina,USA
703,Kurt Thomas,1995,2012,1995,6,9,240,0,,TCU,USA
704,Shawn Respert,1995,1998,1995,6,1,195,0,,Michigan State,USA
705,Randolph Keys,1988,1995,1988,6,7,210,1610612739,31,Southern Mississippi,USA
707,Mark Davis,1995,1999,1995,6,7,205,1610612755,7,Texas Tech,USA
708,Kevin Garnett,1995,2015,1995,6,11,240,1610612750,21,Farragut Academy HS (IL),USA
709,Ed O'Bannon,1995,1996,1995,6,8,222,0,,UCLA,USA
710,David Vaughn,1995,1998,1995,6,9,240,0,,Memphis,USA
711,Jerry Stackhouse,1995,2012,1995,6,6,218,1610612765,42,North Carolina,USA
712,Mario Bennett,1995,2002,1995,6,9,235,1610612747,24,Arizona State,USA
713,Chris Carr,1995,2000,1995,6,6,220,0,,Southern Illinois,USA
714,Michael Finley,1995,2009,1995,6,7,225,1610612742,40,Wisconsin,USA
715,John Coker,1995,2000,,,,,0,,Boise State,USA
716,Rumeal Robinson,1990,1996,1990,6,2,195,1610612737,20,Michigan,USA
717,Arvydas Sabonis,1995,2002,1986,7,3,292,1610612757,11,Real Madrid,Lithuania
718,Gary Trent,1995,2003,1995,6,8,250,1610612750,20,Ohio,USA
719,Randolph Childress,1995,1996,1995,6,2,188,0,,Wake Forest,USA
720,Terrence Rencher,1995,1995,1995,6,3,185,0,,Texas-Austin,USA
721,Tyus Edney,1995,2000,1995,5,10,166,1610612758,2,UCLA,USA
722,Corliss Williamson,1995,2006,1995,6,7,245,1610612758,34,Arkansas,USA
723,Clint McDaniel,1995,1995,,6,4,180,1610612758,20,Arkansas,USA
724,Cory Alexander,1995,2004,1995,6,1,190,1610612759,12,Virginia,USA
725,Dell Demps,1993,1996,,6,3,205,0,,Pacific,USA
726,Sherell Ford,1995,1995,1995,6,7,210,1610612760,1,Illinois-Chicago,USA
727,Eric Snow,1995,2007,1995,6,3,205,1610612755,20,Michigan State,USA
728,Jimmy King,1995,1996,1995,6,5,210,1610612761,13,Michigan,USA
729,Martin Lewis,1995,1996,1995,6,6,225,1610612761,32,Seward County CC,USA
730,Dwayne Whitfield,1995,1995,1995,6,7,240,1610612761,23,Jackson State,USA
731,Greg Ostertag,1995,2005,1995,7,2,280,0,,Kansas,USA
733,Cuonzo Martin,1995,1996,1995,6,5,213,0,,Purdue,USA
734,Lawrence Moten,1995,1997,1995,6,5,185,0,,Syracuse,USA
735,Bryant Reeves,1995,2000,1995,7,0,290,1610612763,50,Oklahoma State,USA
736,Cedric Lewis,1995,1995,,6,10,235,1610612764,42,Maryland,USA
737,Bob McCann,1989,1997,1987,6,6,244,0,,Morehead State,USA
738,Bob Thornton,1985,1995,1984,6,10,225,1610612755,34,California-Irvine,USA
739,Rasheed Wallace,1995,2012,1995,6,11,230,0,,North Carolina,USA
753,Randy Brown,1991,2002,1991,6,2,190,1610612741,0,New Mexico State,USA
754,Jim Jackson,1992,2005,1992,6,6,220,1610612742,24,Ohio State,USA
760,Jerome Kersey,1984,2000,1984,,,,0,,Longwood,USA
761,Matt Geiger,1992,2001,1992,,,,0,,Georgia Tech,USA
762,Shawn Bradley,1993,2004,1993,7,6,275,1610612742,44,Brigham Young,USA
763,Tony Massenburg,1990,2004,1990,6,9,250,1610612763,34,Maryland,USA
764,David Robinson,1989,2002,1987,7,1,250,1610612759,50,Navy,USA
765,Hersey Hawkins,1988,2000,1988,6,3,200,1610612755,33,Bradley,USA
766,David Wingate,1986,2000,1986,6,5,187,1610612760,25,Georgetown,USA
767,Terry Catledge,1985,1992,1985,6,8,220,1610612764,33,South Alabama,USA
768,Acie Earl,1993,1996,1993,6,11,240,1610612738,55,Iowa,USA
769,B.J. Armstrong,1989,1999,1989,6,2,185,1610612741,11,Iowa,USA
771,Elmore Spencer,1992,1996,1992,7,0,270,0,,UNLV,USA
777,Rex Walters,1993,1999,1993,6,4,190,0,,Kansas,USA
779,Glen Rice,1989,2003,1989,6,8,228,0,,Michigan,USA
780,Byron Houston,1992,1995,1992,6,5,250,1610612744,35,Oklahoma State,USA
782,Mitch Richmond,1988,2001,1988,6,5,220,1610612758,2,Kansas State,USA
783,Frank Brickowski,1984,1996,1981,6,9,240,0,,Penn State,USA
786,Gerald Wilkins,1985,1998,1985,6,6,185,0,,Tennessee-Chattanooga,USA
787,Charles Barkley,1984,1999,1984,6,6,252,1610612755,34,Auburn,USA
788,Kevin Willis,1984,2006,1984,7,0,245,1610612737,45,Michigan State,USA
891,Charles Oakley,1985,2003,1985,6,9,245,1610612752,33,Virginia Union,USA
892,Spud Webb,1985,1997,1985,5,6,133,0,,North Carolina State,USA
893,Michael Jordan,1984,2002,1984,6,6,216,1610612741,23,North Carolina,USA
894,Ricky Pierce,1982,1997,1982,6,4,215,1610612749,22,Rice,USA
895,Tyrone Corbin,1985,2000,1985,,,,0,,DePaul,USA
896,Tim Hardaway,1989,2002,1989,6,0,195,0,10,Texas-El Paso,USA
897,Tim Perry,1988,1995,1988,6,9,200,0,,Temple,USA
898,Blue Edwards,1989,1998,1989,6,4,200,0,,East Carolina,USA
899,Mark Price,1986,1997,1986,6,0,180,1610612739,25,Georgia Tech,USA
901,Otis Thorpe,1984,2000,1984,6,10,248,1610612745,52,Providence,USA
902,Bimbo Coles,1990,2003,1990,6,2,182,1610612748,12,Virginia Tech,USA
903,Geert Hammink,1993,1995,1993,7,0,262,1610612753,43,Louisiana State,Netherlands
904,Chris Mullin,1985,2000,1985,,,,0,17,St. John's (NY),USA
905,Dale Davis,1991,2006,1991,6,11,252,1610612754,34,Clemson,USA
906,Haywoode Workman,1989,1999,1989,6,2,180,0,,Oral Roberts,USA
907,Malik Sealy,1992,1999,1992,6,8,200,1610612746,2,St. John's (NY),USA
912,Rafael Addison,1986,1996,1986,6,8,241,1610612751,7,Syracuse,USA
913,Larry Johnson,1991,2000,1991,6,7,235,1610612766,2,UNLV,USA
914,Stanley Roberts,1991,1999,1991,7,0,290,0,,Louisiana State,USA
916,Corie Blount,1993,2003,1993,6,10,242,1610612741,44,Cincinnati,USA
917,Jack Haley,1988,1997,1987,6,10,240,0,,UCLA,USA
919,Loy Vaught,1990,2000,1990,6,9,240,1610612746,35,Michigan,USA
920,A.C. Green,1985,2000,1985,6,9,225,1610612747,45,Oregon State,USA
921,Brad Daugherty,1986,1993,1986,7,0,245,1610612739,43,North Carolina,USA
922,Elden Campbell,1990,2004,1990,7,0,279,1610612747,41,Clemson,USA
923,Donyell Marshall,1994,2008,1994,6,9,245,1610612744,8,Connecticut,USA
924,Anthony Goldwire,1995,2005,1994,6,2,182,0,,Houston,USA
925,Sean Higgins,1990,1997,1990,6,9,205,0,,Michigan,USA
926,Alvin Robertson,1984,1995,1984,6,4,208,1610612759,7,Arkansas,USA
928,Robert Churchwell,1995,1995,,6,6,195,1610612744,21,Georgetown,USA
929,Tracy Moore,1991,1996,,6,4,200,0,,Tulsa,USA
931,Don MacLean,1992,2000,1992,,,,0,,UCLA,USA
932,Oliver Miller,1992,2003,1992,6,9,315,1610612756,3,Arkansas,USA
934,Derrick Coleman,1990,2004,1990,6,10,270,0,,Syracuse,USA
935,Bryon Russell,1993,2005,1993,6,7,225,0,,Long Beach State,USA
937,Scottie Pippen,1987,2003,1987,6,8,228,1610612741,33,Central Arkansas,USA
938,Rony Seikaly,1988,1998,1988,6,11,253,1610612748,2,Syracuse,USA
939,Pete Myers,1986,1997,1986,6,6,180,0,,Arkansas-Little Rock,USA
943,Ryan Lorthridge,1994,1994,,6,4,190,1610612744,9-33,Jackson State,USA
944,Eric Anderson,1992,1993,,6,9,220,1610612752,42,Indiana,USA
947,Allen Iverson,1996,2009,1996,6,0,165,1610612755,3,Georgetown,USA
948,Marcus Camby,1996,2012,1996,6,11,240,1610612743,23,Massachusetts,USA
949,Shareef Abdur-Rahim,1996,2007,1996,6,9,245,1610612763,3,California,USA
950,Stephon Marbury,1996,2008,1996,6,2,205,1610612752,8,Georgia Tech,USA
952,Antoine Walker,1996,2007,1996,6,9,245,1610612738,24,Kentucky,USA
953,Lorenzen Wright,1996,2008,1996,6,11,255,1610612763,55,Memphis,USA
954,Kerry Kittles,1996,2004,1996,6,5,185,0,,Villanova,USA
955,Samaki Walker,1996,2005,1996,6,9,260,0,,Louisville,USA
956,Erick Dampier,1996,2011,1996,6,11,265,1610612744,25,Mississippi State,USA
957,Todd Fuller,1996,2000,1996,,,,0,,North Carolina State,USA
958,Vitaly Potapenko,1996,2006,1996,6,10,285,1610612738,20,Wright State,Ukraine
959,Steve Nash,1996,2013,1996,6,3,178,1610612756,10,Santa Clara,Canada
960,Tony Delk,1996,2005,1996,6,2,189,1610612756,00,Kentucky,USA
961,John Wallace,1996,2003,1996,6,9,225,1610612761,22,Syracuse,USA
962,Walter McCarty,1996,2005,1996,6,10,245,1610612738,0,Kentucky,USA
963,Dontae' Jones,1997,1997,1996,6,8,220,1610612738,13,Mississippi State,USA
964,Roy Rogers,1996,1999,1996,6,10,235,0,,Alabama,USA
965,Derek Fisher,1996,2013,1996,6,1,210,1610612747,6,Arkansas-Little Rock,USA
966,Jerome Williams,1996,2004,1996,6,9,206,1610612765,31,Georgetown,USA
968,Priest Lauderdale,1996,1997,1996,7,4,325,1610612743,30,Peristeri,USA
969,Travis Knight,1996,2002,1996,7,0,235,1610612747,44,Connecticut,USA
971,Mark Hendrickson,1996,1999,1996,6,9,220,0,,Washington State,USA
976,Jeff McInnis,1996,2007,1996,6,4,190,0,,North Carolina,USA
977,Kobe Bryant,1996,2015,1996,6,6,212,1610612747,24,Lower Merion HS (PA),USA
978,Peja Stojakovic,1998,2010,1996,6,10,229,1610612758,16,PAOK,Serbia
979,Jermaine O'Neal,1996,2013,1996,6,11,255,1610612754,7,Eau Claire HS (SC),USA
980,Zydrunas Ilgauskas,1997,2010,1996,7,3,260,1610612739,11,Atletas Kaunas,Lithuania
981,Efthimios Rentzias,2002,2002,1996,6,11,250,1610612755,14,FC Barcelona,Greece
982,Martin Muursepp,1996,1997,1996,6,9,235,1610612742,13,Maccabi Tel Aviv,Estonia
983,Moochie Norris,1996,2005,1996,6,1,185,1610612745,25,West Florida,USA
984,Steve Hamer,1996,1996,1996,7,0,245,1610612738,42,Tennessee,USA
987,Jason Sasser,1996,2002,1996,6,7,225,1610612763,23,Texas Tech,USA
988,Randy Livingston,1996,2006,1996,6,4,209,1610612756,14,Louisiana State,USA
989,Ben Davis,1996,1999,1996,6,9,245,0,,Arizona,USA
990,Malik Rose,1996,2008,1996,6,7,255,1610612759,9,Drexel,USA
992,Marcus Brown,1996,2007,1996,,,,0,,Murray State,USA
994,Jamie Feick,1996,2002,1996,6,8,255,1610612751,14,Michigan State,USA
997,Chris Robinson,1996,1997,1996,6,5,200,1610612763,5,Western Kentucky,USA
999,Jeff Nordgaard,1997,1997,1996,6,7,225,0,,Wisconsin-Green Bay,USA
1000,Shandon Anderson,1996,2005,1996,6,6,215,1610612752,49,Georgia,USA
1002,Reggie Geary,1996,1997,1996,6,2,187,1610612759,4,Arizona,USA
1003,Drew Barry,1997,1999,1996,6,5,191,1610612737,10,Georgia Tech,USA
1005,Walt Williams,1992,2002,1992,6,8,230,0,,Maryland,USA
1006,Herb Williams,1981,1998,1981,6,11,260,1610612754,32,Ohio State,USA
1007,Luther Wright,1993,1993,1993,7,2,270,1610612762,44,Seton Hall,USA
1008,Johnny Dawkins,1986,1994,1986,6,2,165,1610612755,12,Duke,USA
1010,Randy Woods,1992,1995,1992,5,10,185,1610612746,10,La Salle,USA
1022,Julius Nwosu,1994,1994,,6,10,255,1610612759,0,Liberty,USA
1023,Emanual Davis,1996,2002,,6,5,195,1610612760,15,Delaware State,USA
1024,Horacio Llamas,1996,2002,,6,11,285,1610612756,54,Grand Canyon,USA
1026,Evric Gray,1996,1996,,6,7,235,0,,UNLV,USA
1027,Trevor Wilson,1990,1995,1990,6,7,210,1610612758,30,UCLA,USA
1030,Duane Cooper,1992,1993,1992,6,1,185,1610612747,10,Southern California,USA
1032,Darvin Ham,1996,2004,,6,7,240,1610612749,8,Texas Tech,USA
1034,LeRon Ellis,1991,1995,1991,6,9,225,1610612766,28,Syracuse,USA
1035,Shawnelle Scott,1996,2001,1994,,,,0,,St. John's (NY),USA
1038,Juaquin Hawkins,2002,2002,,6,7,205,1610612745,29,Long Beach State,USA
1043,Amal McCaskill,1996,2003,1996,6,11,235,1610612755,00,Marquette,USA
1049,Shane Heal,1996,2003,,6,0,180,0,,Sydney Kings,Australia
1051,Dean Garrett,1996,2001,1988,6,11,250,1610612750,22,Indiana,USA
1052,Ben Handlogten,2003,2004,,6,10,240,1610612762,44,Western Michigan,USA
1054,Jerrod Mustaf,1990,1993,1990,6,10,238,1610612756,0,Maryland,USA
1059,Aleksandar Djordjevic,1996,1996,,6,2,198,0,,Fortitudo Bologna,Serbia
1061,William Cunningham,1997,1998,,6,11,240,1610612751,51,Temple,USA
1063,Carl Thomas,1991,1997,,6,4,195,1610612739,30,Eastern Michigan,USA
1064,Brent Scott,1996,1996,,6,10,250,1610612754,55,Rice,USA
1065,Erick Strickland,1996,2004,,6,3,218,1610612742,20,Nebraska,USA
1067,Jeff Webster,1995,1995,1994,6,8,232,1610612764,42,Oklahoma,USA
1068,Greg Dreiling,1986,1996,1986,7,1,265,1610612754,50,Kansas,USA
1073,Reggie Slater,1994,2002,,6,7,255,1610612761,35,Wyoming,USA
1074,Matt Maloney,1996,2002,,,,,0,,Pennsylvania,USA
1075,Michael McDonald,1997,1997,1995,6,10,232,0,,New Orleans,USA
1077,Ray Owes,1996,1996,,6,9,224,1610612744,35,Arizona,USA
1080,Henry James,1990,1997,,6,8,220,0,,St. Mary's (TX),USA
1085,Ira Bowman,1999,2001,,,,,0,,Pennsylvania,USA
1086,Joe Stephens,1996,1999,,6,7,210,0,,Arkansas-Little Rock,USA
1088,Chucky Atkins,1999,2009,,5,11,185,1610612765,17,South Florida,USA
1089,Kevin Salvadori,1996,1997,,7,0,231,0,,North Carolina,USA
1090,Pat Durham,1992,1994,1989,6,7,210,1610612750,30,Colorado State,USA
1091,Mike Smrek,1985,1991,1985,7,0,250,1610612747,55,Canisius,USA
1093,Gaylon Nickerson,1996,1996,1994,6,3,190,0,,Nortwestern Oklahoma State,USA
1097,Zarko Paspalj,1989,1989,,6,9,215,1610612759,14,Partizan,Serbia
1099,Matt Steigenga,1996,1996,1992,6,7,225,0,,Michigan State,USA
1100,Ian Lockhart,1990,1990,,6,8,240,1610612756,51,Tennessee,USA
1101,Rich King,1991,1994,1991,7,2,260,1610612760,45,Nebraska,USA
1106,Donald Hodge,1991,1995,1991,7,0,230,0,,Temple,USA
1108,Tony Farmer,1997,1999,,6,9,244,1610612744,8,Nebraska,USA
1109,James Scott,1996,1996,,6,6,180,1610612748,32,St. John's (NY),USA
1110,Mark Strickland,1994,2002,,6,10,220,0,,Temple,USA
1114,Jaren Jackson,1989,2001,,6,6,225,1610612759,2,Georgetown,USA
1116,Melvin Newbern,1992,1992,,6,4,200,1610612765,23,Minnesota,USA
1117,John Shasky,1988,1990,1986,6,11,235,1610612748,55,Minnesota,USA
1118,Tim Kempton,1986,1997,1986,6,10,245,0,,Notre Dame,USA
1120,Elmer Bennett,1994,1996,1992,6,0,170,0,,Notre Dame,USA
1121,Dexter Boney,1996,1996,,6,4,185,0,,UNLV,USA
1122,Dominique Wilkins,1982,1998,1982,6,8,230,1610612737,21,Georgia,USA
1123,Greg Kite,1983,1994,1983,6,11,250,1610612753,54,Brigham Young,USA
1126,Donald Whiteside,1996,1997,,5,10,160,0,,Northern Illinois,USA
1127,Charles Claxton,1995,1995,1994,7,0,265,1610612738,51,Georgia,USA
1128,Stephen Howard,1992,1997,,6,9,225,0,,DePaul,USA
1129,Ruben Nembhard,1996,1996,,6,3,208,0,,Weber State,USA
1131,Jimmy Carruth,1996,1996,,6,10,265,0,,Virginia Tech,USA
1132,Larry Sykes,1995,1995,,6,9,255,1610612738,54,Xavier,USA
1133,Corey Beck,1995,1998,,6,3,200,1610612766,15,Arkansas,USA
1134,Ike Austin,1991,2001,1991,6,10,288,0,,Arizona State,USA
1136,Brett Szabo,1996,1996,,6,11,230,1610612738,43,Augustana (SD),USA
1137,Chris Jent,1993,1996,,6,7,220,0,,Ohio State,USA
1138,Michael Hawkins,1996,2000,,,,,0,,Xavier,USA
1361,Mark Bradtke,1996,1996,,6,10,265,1610612755,50,Melbourne,Australia
1365,Xavier McDaniel,1985,1997,1985,6,7,205,0,,Wichita State,USA
1380,Lloyd Daniels,1992,1997,,6,7,205,0,,Mt. San Antonio,USA
1381,John Long,1978,1996,1978,6,5,200,1610612765,25,Detroit,USA
1425,Aaron Williams,1993,2007,,6,9,235,0,,Xavier,USA
1429,Jimmy Oliver,1991,1998,1991,6,5,205,0,,Purdue,USA
1432,Joe Courtney,1992,1996,,6,8,235,0,,Southern Mississippi,USA
1434,Dragan Tarlac,2000,2000,1995,6,11,270,1610612741,12,Olympiacos,Serbia
1442,Zeljko Rebraca,2001,2005,1994,7,0,265,1610612765,11,Panathinaikos,Serbia
1444,Lawrence Funderburke,1997,2004,1994,6,9,230,1610612758,51,Ohio State,USA
1449,Larry Bird,1979,1991,1978,6,9,220,1610612738,33,Indiana State,USA
1450,Kevin McHale,1980,1992,1980,6,10,210,1610612738,32,Minnesota,USA
1453,Walter Davis,1977,1991,1977,6,6,193,1610612756,6,North Carolina,USA
1456,Randy Wittman,1983,1991,1983,6,6,210,1610612737,14,Indiana,USA
1460,James Worthy,1982,1993,1982,6,9,225,1610612747,42,North Carolina,USA
1472,Tom Chambers,1981,1997,1981,6,10,220,0,24,Utah,USA
1474,Larry Krystkowiak,1986,1996,1986,6,9,220,0,,Montana,USA
1477,Bruce Bowen,1996,2008,,6,7,200,1610612759,12,California State-Fullerton,USA
1478,Stevin Smith,1996,1996,,6,2,208,1610612742,1,Arizona State,USA
1479,Mike Brown,1986,1997,1985,6,10,260,1610612762,52,George Washington,USA
1489,Lionel Simmons,1990,1996,1990,6,7,210,1610612758,22,La Salle,USA
1495,Tim Duncan,1997,2015,1997,6,11,250,1610612759,21,Wake Forest,US Virgin Islands
1496,Keith Van Horn,1997,2005,1997,6,10,245,1610612751,2,Utah,USA
1497,Chauncey Billups,1997,2013,1997,6,3,210,1610612765,1,Colorado,USA
1498,Antonio Daniels,1997,2010,1997,6,4,205,1610612759,22,Bowling Green,USA
1499,Tony Battie,1997,2011,1997,6,11,240,1610612738,4,Texas Tech,USA
1500,Ron Mercer,1997,2004,1997,6,7,215,0,,Kentucky,USA
1501,Tim Thomas,1997,2009,1997,6,10,240,1610612749,7,Villanova,USA
1502,Adonal Foyle,1997,2009,1997,6,10,270,1610612744,31,Colgate,St. Vincent & Grenadines
1504,Danny Fortson,1997,2006,1997,6,8,260,1610612743,21,Cincinnati,USA
1505,Tariq Abdul-Wahad,1997,2003,1997,6,6,235,1610612758,9,San Jose State,France
1506,Austin Croshere,1997,2008,1997,6,10,240,0,,Providence,USA
1507,Derek Anderson,1997,2007,1997,6,5,195,1610612757,1,Kentucky,USA
1508,Maurice Taylor,1997,2006,1997,6,9,265,0,,Michigan,USA
1509,Kelvin Cato,1997,2006,1997,6,11,275,1610612745,26,Iowa State,USA
1511,Johnny Taylor,1997,1999,1997,6,9,220,1610612743,23,Tennessee-Chattanooga,USA
1512,Chris Anstey,1997,1999,1997,7,0,249,1610612742,22,South East Melbourne,Australia
1513,Scot Pollard,1997,2007,1997,6,11,278,1610612758,66,Kansas,USA
1514,Paul Grant,1998,2003,1997,7,0,245,0,,Wisconsin,USA
1515,Anthony Parker,1997,2011,1997,6,6,210,1610612761,18,Bradley,USA
1516,Ed Gray,1997,1998,1997,6,3,210,1610612737,22,California,USA
1517,Bobby Jackson,1997,2008,1997,6,1,185,1610612758,24,Minnesota,USA
1518,Rodrick Rhodes,1997,1999,1997,6,6,225,0,,Southern California,USA
1519,John Thomas,1997,2005,1997,6,9,265,1610612761,41,Minnesota,USA
1520,Charles Smith,1997,2005,1997,6,4,200,0,,New Mexico,USA
1521,Jacque Vaughn,1997,2008,1997,6,1,190,1610612762,11,Kansas,USA
1522,Keith Booth,1997,1998,1997,6,6,226,1610612741,22,Maryland,USA
1526,James Cotton,1997,1998,1997,6,5,220,0,,Long Beach State,USA
1529,Kebu Stewart,1997,1997,1997,6,8,239,1610612755,41,California State-Bakersfield,USA
1530,James Collins,1997,1997,1997,6,4,196,1610612746,32,Florida State,USA
1531,Marc Jackson,2000,2006,1997,6,10,253,1610612755,44,Temple,USA
1533,Anthony Johnson,1997,2009,1997,6,3,195,1610612754,8,College of Charleston,USA
1535,Jason Lawson,1997,2002,1997,6,11,240,1610612753,55,Villanova,USA
1536,Stephen Jackson,2000,2013,1997,6,8,220,0,,Butler C.C. (KS),USA
1538,Cedric Henderson,1997,2002,1997,6,7,225,1610612739,45,Memphis,USA
1539,God Shammgod,1997,1997,1997,6,0,169,1610612764,2,Providence,USA
1541,Alvin Williams,1997,2006,1997,6,5,195,0,,Villanova,USA
1542,Predrag Drobnjak,2001,2004,1997,6,11,270,1610612760,14,Efes Pilsen,Serbia
1545,DeJuan Wheat,1997,1998,1997,6,0,165,1610612763,6,Louisville,USA
1548,Mark Blount,2000,2008,1997,7,0,250,1610612738,15,Pittsburgh,USA
1554,Jamal Robinson,2000,2000,1997,,,,0,,Virginia,USA
1559,Adrian Griffin,1999,2007,,6,5,230,1610612742,44,Seton Hall,USA
1562,Gerard King,1998,2000,,,,,0,,Nicholls State,USA
1563,Kevin Ollie,1997,2009,,6,2,195,1610612755,7,Connecticut,USA
1564,Etdrick Bohannon,1997,2000,,,,,0,,Auburn-Montgomery,USA
1565,Michael Stewart,1997,2004,,6,10,230,1610612761,44,California,USA
1569,Keith Closs,1997,2000,,7,3,212,1610612746,33,Central Connecticut State,USA
1572,Nate Huffman,2002,2002,,7,1,245,1610612761,7,Central Michigan,USA
1575,Derek Grimm,1997,1997,,6,9,230,0,,Missouri,USA
1576,Travis Williams,1997,1998,,6,6,215,0,,South Carolina State,USA
1578,Shea Seals,1997,1997,,6,5,210,0,,Tulsa,USA
1585,Brandon Williams,1997,2002,,6,6,215,0,,Davidson,USA
1591,Alvin Sims,1998,1998,,6,4,235,0,,Louisville,USA
1593,Charles Shackleford,1988,1998,1988,6,11,245,1610612751,33,North Carolina State,USA
1594,Rick Brunson,1997,2005,,6,4,190,1610612757,9,Temple,USA
1600,Kornel David,1998,2000,,6,9,230,1610612741,9,Budapest AEH,USA
1603,Walter Bond,1992,1994,,6,5,200,1610612762,20,Minnesota,USA
1607,Troy Hudson,1997,2007,,6,1,178,0,,Southern Illinois,USA
1612,Chris Garner,1997,2000,,5,10,156,1610612761,2,Memphis,USA
1628,Alan Ogg,1990,1992,,7,2,240,1610612748,50,Alabama-Birmingham,USA
1630,Mikki Moore,1998,2011,,7,0,225,1610612765,31,Nebraska,USA
1631,Billy Thompson,1986,1991,1986,6,7,195,1610612748,55,Louisville,USA
1635,Malcolm Mackey,1993,1993,1993,6,9,248,1610612756,27,Georgia Tech,USA
1666,Gerald Madkins,1993,1997,,6,4,200,1610612739,12,UCLA,USA
1667,Steve Henson,1990,1998,1990,5,11,177,0,,Kansas State,USA
1677,Harold Ellis,1993,1997,,6,5,220,1610612746,3,Morehouse,USA
1680,Brian Oliver,1990,1997,1990,6,4,210,0,,Georgia Tech,USA
1683,Larry Robinson,1990,2001,,6,3,180,1610612737,25,Centenary-Louisiana,USA
1709,Michael Olowokandi,1998,2006,1998,7,0,270,1610612746,41,Pacific,Nigeria
1710,Mike Bibby,1998,2011,1998,6,2,195,1610612758,20,Arizona,USA
1711,Raef LaFrentz,1998,2008,1998,6,11,240,1610612743,9,Kansas,USA
1714,Robert Traylor,1998,2004,1998,6,8,284,1610612739,32,Michigan,USA
1715,Jason Williams,1998,2010,1998,6,1,180,0,,Florida,USA
1716,Larry Hughes,1998,2011,1998,6,5,185,0,,St. Louis,USA
1717,Dirk Nowitzki,1998,2018,1998,7,0,245,1610612742,41,DJK Wurzburg,Germany
1718,Paul Pierce,1998,2016,1998,6,7,235,1610612738,34,Kansas,USA
1719,Bonzi Wells,1998,2007,1998,6,5,210,1610612757,24,Ball State,USA
1720,Michael Doleac,1998,2007,1998,6,11,262,1610612753,51,Utah,USA
1721,Keon Clark,1998,2003,1998,6,11,221,1610612743,13,UNLV,USA
1722,Michael Dickerson,1998,2002,1998,6,5,190,1610612763,8,Arizona,USA
1723,Matt Harpring,1998,2008,1998,6,7,230,1610612762,15,Georgia Tech,USA
1724,Bryce Drew,1998,2003,1998,6,3,184,0,,Valparaiso,USA
1725,Rasho Nesterovic,1998,2009,1998,7,0,255,1610612750,12,Virtus Bologna,Slovenia
1727,Pat Garrity,1998,2007,1998,6,9,238,1610612753,8,Notre Dame,USA
1728,Roshown McLeod,1998,2000,1998,,,,0,,Duke,USA
1729,Ricky Davis,1998,2009,1998,6,7,195,0,,Iowa,USA
1731,Tyronn Lue,1998,2008,1998,6,0,175,1610612737,10,Nebraska,USA
1732,Felipe Lopez,1998,2002,1998,6,5,195,1610612763,13,St. John's (NY),Dominican Republic
1733,Al Harrington,1998,2013,1998,6,9,245,1610612754,7,St. Patrick HS (NJ),USA
1734,Sam Jacobson,1998,2000,1998,,,,0,,Minnesota,USA
1736,Corey Benjamin,1998,2002,1998,6,6,200,0,,Oregon State,USA
1738,Ansu Sesay,2001,2004,1998,6,9,225,0,,Mississippi,USA
1739,Ruben Patterson,1998,2007,1998,6,5,223,0,,Cincinnati,USA
1740,Rashard Lewis,1998,2013,1998,6,10,235,1610612760,9,Elsik HS (TX),USA
1741,Jelani McCoy,1998,2007,1998,6,10,245,0,,UCLA,USA
1743,Bruno Sundov,1998,2004,1998,7,2,260,1610612754,14,Split,Croatia
1745,Casey Shaw,1998,2002,1998,6,11,255,1610612755,53,Toledo,USA
1746,DeMarco Johnson,1999,1999,1998,6,9,245,0,,North Carolina-Charlotte,USA
1747,Rafer Alston,1999,2009,1998,6,2,175,1610612745,11,Fresno State,USA
1748,Korleone Young,1998,1998,1998,6,7,213,0,,Hargrave Military Academy (KS),USA
1749,Cuttino Mobley,1998,2008,1998,6,4,215,1610612745,32,Rhode Island,USA
1750,Miles Simon,1998,2002,1998,6,3,202,1610612753,32,Arizona,USA
1751,Jahidi White,1998,2004,1998,6,9,290,0,,Georgetown,USA
1752,Sean Marks,1998,2010,1998,6,10,250,0,,California,New Zealand
1753,Toby Bailey,1998,2002,1998,6,6,213,1610612756,11,UCLA,USA
1754,Andrae Patterson,1998,1999,1998,6,9,238,0,,Indiana,USA
1755,Tyson Wheeler,1998,1998,1998,5,10,165,0,,Rhode Island,USA
1756,Ryan Stack,1998,1999,1998,6,11,215,0,,South Carolina,USA
1761,Greg Buckner,1999,2008,1998,6,4,210,1610612742,7,Clemson,USA
1762,Tremaine Fowlkes,2001,2004,1998,6,8,220,0,,Fresno State,USA
1763,Ryan Bowen,1999,2009,1998,6,9,218,0,,Iowa,USA
1764,J.R. Henderson,1998,1998,1998,6,8,233,1610612763,52,UCLA,USA
1765,Torraye Braggs,2003,2004,1998,6,8,245,1610612745,32,Xavier,USA
1766,Maceo Baston,2002,2008,1998,6,10,230,1610612754,9,Michigan,USA
1800,Damon Jones,1998,2008,,6,3,195,1610612739,19,Houston,USA
1801,Jonathan Kerner,1998,2002,,6,11,245,1610612753,44,East Carolina,USA
1802,Brad Miller,1998,2011,,7,0,261,1610612758,52,Purdue,USA
1806,James Blackwell,1994,1994,,6,0,190,1610612738,8,Dartmouth,USA
1814,Chris Smith,1992,1994,1992,6,3,190,1610612750,3,Connecticut,USA
1817,Adonis Jordan,1993,1998,1993,5,11,170,0,,Kansas,USA
1819,John Turner,1991,1991,1991,6,8,245,1610612745,40,Phillips,USA
1820,Kelly McCarty,1998,1998,,6,7,200,1610612743,11,Southern Mississippi,USA
1821,Mark Randall,1991,1994,1991,6,8,235,1610612750,42,Kansas,USA
1824,Peter Aluma,1998,1998,,6,10,260,0,,Liberty,USA
1829,Ike Fontaine,2001,2001,,,,,0,,Washington State,USA
1831,Marlon Garnett,1998,1998,,6,2,186,0,,Santa Clara,USA
1838,Tyrone Nesby,1998,2001,,6,6,245,1610612746,8,UNLV,USA
1839,Randy White,1989,1993,1989,6,8,240,1610612742,52,Louisiana Tech,USA
1844,Fred Vinson,1994,1999,,6,4,190,0,,Georgia Tech,USA
1845,Andrew Gaze,1993,2017,,,,,0,,Seton Hall,USA
1846,Chris Welp,1987,1989,1987,7,0,245,1610612755,40,Washington,USA
1847,Thurl Bailey,1983,1998,1983,6,11,247,1610612762,41,North Carolina State,USA
1848,Mike Higgins,1989,1990,,6,9,220,1610612758,32,Northern Colorado,USA
1852,Jeff Sheppard,1998,1998,,6,3,190,0,,Kentucky,USA
1855,Mark Macon,1991,1998,1991,6,4,185,0,,Temple,USA
1858,Mark Baker,1998,1998,,6,1,175,0,,Ohio State,USA
1861,Negele Knight,1990,1998,1990,6,1,175,0,,Dayton,USA
1863,Earl Boykins,1998,2011,,5,5,133,1610612743,6,Eastern Michigan,USA
1864,Steve Goodrich,2000,2002,,6,10,220,1610612741,30,Princeton,USA
1868,Trevor Winter,1998,1998,,7,0,275,0,,Minnesota,USA
1869,Charles R. Jones,1998,1999,,6,3,180,1610612746,2,Long Island-Brooklyn,USA
1871,Gerald Brown,1998,1998,,6,4,210,1610612756,4,Pepperdine,USA
1872,Randell Jackson,1998,1999,1999,6,11,215,0,,Florida State,USA
1874,Jeff Sanders,1989,1992,1989,6,8,225,1610612741,34,Georgia Southern,USA
1883,Steve Francis,1999,2007,1999,6,3,210,1610612745,3,Maryland,USA
1884,Baron Davis,1999,2011,1999,6,3,212,1610612766,85,UCLA,USA
1885,Lamar Odom,1999,2013,1999,6,10,230,1610612747,,Rhode Island,USA
1886,Jonathan Bender,1999,2009,1999,7,0,230,1610612754,9,Picayune HS (MS),USA
1887,Wally Szczerbiak,1999,2008,1999,6,7,240,1610612750,10,Miami (Ohio),USA
1889,Andre Miller,1999,2015,1999,6,3,200,1610612743,24,Utah,USA
1890,Shawn Marion,1999,2014,1999,6,7,228,1610612756,31,UNLV,USA
1891,Jason Terry,1999,2017,1999,6,2,185,1610612742,3,Arizona,USA
1892,Trajan Langdon,1999,2008,1999,,,,0,,Duke,USA
1893,Aleksandar Radojevic,1999,2004,1999,7,3,250,0,,Buducnost,Bosnia and Herzegovina
1894,Corey Maggette,1999,2012,1999,6,6,225,1610612746,50,Duke,USA
1895,William Avery,1999,2002,1999,6,2,180,1610612750,30,Duke,USA
1897,Metta World Peace,1999,2016,1999,6,7,260,1610612747,37,St. John's (NY),USA
1899,James Posey,1999,2010,1999,6,8,217,1610612743,41,Xavier,USA
1900,Quincy Lewis,1999,2003,1999,6,7,215,0,,Minnesota,USA
1901,Dion Glover,1999,2004,1999,6,5,225,0,,Georgia Tech,USA
1902,Jeff Foster,1999,2011,1999,6,11,250,1610612754,10,Southwest Texas State,USA
1903,Kenny Thomas,1999,2009,1999,6,7,245,0,,New Mexico,USA
1904,Devean George,1999,2009,1999,6,8,235,1610612747,19,Augsburg,USA
1905,Andrei Kirilenko,2001,2014,1999,6,9,235,0,,CSKA Moscow,Russia
1906,Tim James,1999,2002,1999,6,7,214,1610612766,25,Miami,USA
1908,Jumaine Jones,1999,2006,1999,6,8,230,1610612739,20,Georgia,USA
1909,Scott Padgett,1999,2006,1999,6,9,240,0,,Kentucky,USA
1910,Leon Smith,2001,2003,1999,6,10,235,1610612737,35,Martin Luther King HS (IL),USA
1914,Chris Herren,1999,2000,1999,6,2,190,1610612743,12,Fresno State,USA
1915,Evan Eschmeyer,1999,2003,1999,6,11,250,1610612751,00,Northwestern,USA
1916,Calvin Booth,1999,2008,1999,6,11,230,1610612760,52,Penn State,USA
1917,Wang Zhi-zhi,2000,2004,1999,7,1,284,0,,Bayi,China
1918,Obinna Ekezie,1999,2004,1999,6,9,270,0,,Maryland,Nigeria
1919,Laron Profit,1999,2005,1999,6,5,204,0,,Maryland,USA
1920,A.J. Bramlett,1999,1999,1999,6,10,227,0,,Arizona,USA
1921,Gordan Giricek,2002,2007,1999,6,6,220,1610612762,2,CSKA Moscow,Croatia
1924,Lee Nailon,2000,2005,1999,6,9,241,0,,TCU,USA
1926,Ryan Robertson,1999,1999,1999,6,5,190,0,,Kansas,USA
1928,Todd MacCulloch,1999,2003,1999,7,0,280,1610612755,11,Washington,Canada
1930,Lari Ketner,1999,2000,1999,,,,0,,Massachusetts,USA
1938,Manu Ginobili,2002,2017,1999,6,6,205,1610612759,20,Virtus Bologna,Argentina
1942,Harold Jamison,1999,2002,,6,9,269,1610612746,40,Clemson,USA
1943,Wayne Turner,1999,1999,,6,2,190,0,,Kentucky,USA
1950,Andy Panko,2000,2000,,6,9,245,0,,Lebanon Valley,USA
1952,Raja Bell,2000,2011,,6,5,210,1610612756,19,Florida International,US Virgin Islands
1953,Lazaro Borrell,1999,1999,,6,8,220,1610612760,11,Villa Clara,Cuba
1954,Jason Miskiri,1999,1999,,6,2,185,0,,George Mason,USA
1956,Ira Newble,2000,2007,,6,7,220,1610612739,14,Miami (Ohio),USA
1960,Milt Palacio,1999,2005,,6,4,210,1610612761,3,Colorado State,Belize
1965,Rick Hughes,1999,1999,,6,9,235,0,,Thomas More,USA
1967,Derek Hood,1999,2002,,6,8,222,1610612766,55,Arkansas,USA
1972,John Morton,1989,1991,1989,6,3,180,1610612739,23,Seton Hall,USA
1975,Jamel Thomas,1999,2000,,6,6,219,1610612751,5,Providence,USA
1983,Jermaine Jackson,1999,2005,,6,5,204,1610612761,5,Detroit,USA
1984,Rickie Winslow,1987,1987,1987,6,8,225,1610612749,31,Houston,USA
2000,Dedric Willoughby,1999,1999,,6,3,180,0,,Iowa State,USA
2030,Kenyon Martin,2000,2014,2000,6,9,225,0,,Cincinnati,USA
2031,Stromile Swift,2000,2008,2000,6,10,220,1610612763,4,Louisiana State,USA
2032,Darius Miles,2000,2008,2000,6,9,235,1610612746,3,East St. Louis HS (IL),USA
2033,Marcus Fizer,2000,2007,2000,,,,0,,Iowa State,USA
2034,Mike Miller,2000,2016,2000,6,8,218,1610612763,3,Florida,USA
2035,DerMarr Johnson,2000,2007,2000,6,9,210,1610612743,1,Cincinnati,USA
2037,Jamal Crawford,2000,2019,2000,6,5,200,1610612746,1,Michigan,USA
2038,Joel Przybilla,2000,2012,2000,7,1,245,1610612757,10,Minnesota,USA
2039,Keyon Dooling,2000,2012,2000,6,3,195,1610612746,55,Missouri,USA
2040,Jerome Moiso,2000,2004,2000,6,10,260,0,,UCLA,France
2041,Etan Thomas,2001,2010,2000,6,10,260,1610612764,36,Syracuse,USA
2043,Mateen Cleaves,2000,2005,2000,6,2,210,0,,Michigan State,USA
2044,Jason Collier,2000,2004,2000,7,0,260,1610612737,40,Georgia Tech,USA
2045,Hedo Turkoglu,2000,2014,2000,6,10,220,1610612753,15,Efes Pilsen,Turkey
2046,Desmond Mason,2000,2009,2000,6,5,222,0,,Oklahoma State,USA
2047,Quentin Richardson,2000,2012,2000,6,6,228,1610612746,55,DePaul,USA
2049,Speedy Claxton,2001,2008,2000,5,11,170,1610612744,12,Hofstra,USA
2051,Donnell Harvey,2000,2004,2000,6,8,220,0,,Florida,USA
2052,DeShawn Stevenson,2000,2012,2000,6,5,218,1610612764,92,Washington Union HS (CA),USA
2053,Dalibor Bagaric,2000,2002,2000,7,1,290,1610612741,11,Benston Zagreb,Croatia
2054,Jake Tsakalidis,2000,2006,2000,7,2,290,1610612756,25,AEK Athens,Greece
2055,Mamadou N'diaye,2000,2004,2000,7,0,255,1610612761,34,Auburn,Senegal
2056,Primoz Brezec,2001,2009,2000,7,1,255,1610612766,9,Union Olimpija,Slovenia
2057,Erick Barkley,2000,2002,2000,6,1,185,1610612757,1,St. John's (NY),USA
2059,Eduardo Najera,2000,2011,2000,6,8,235,1610612743,21,Oklahoma,Mexico
2060,Marko Jaric,2002,2008,2000,6,7,224,1610612750,55,Virtus Bologna,Serbia
2061,Dan Langhi,2000,2003,2000,6,11,220,0,,Vanderbilt,USA
2063,Jake Voskuhl,2000,2008,2000,6,11,255,1610612756,77,Connecticut,USA
2064,Khalid El-Amin,2000,2002,2000,5,10,200,1610612741,11,Connecticut,USA
2065,Mike Smith,2000,2000,2000,6,8,195,1610612764,40,Louisiana-Monroe,USA
2067,Eddie House,2000,2010,2000,6,1,190,1610612748,55,Arizona State,USA
2068,Lavor Postell,2000,2002,2000,6,5,215,1610612752,7,St. John's (NY),USA
2069,Hanno Mottola,2000,2001,2000,6,11,247,1610612737,13,Utah,Finland
2072,Michael Redd,2000,2011,2000,6,6,215,1610612749,22,Ohio State,USA
2073,Brian Cardinal,2000,2011,2000,6,8,240,1610612763,35,Purdue,USA
2074,Jabari Smith,2000,2004,2000,6,11,250,1610612758,55,Louisiana State,USA
2078,Jason Hart,2000,2009,2000,6,3,180,0,,Syracuse,USA
2080,Igor Rakocevic,2002,2002,2000,6,2,184,1610612750,36,Buducnost,Serbia
2082,Dan McClintock,2000,2000,2000,7,0,270,1610612743,50,Northern Arizona,USA
2084,Chris Porter,2000,2000,2000,6,7,218,1610612744,4,Auburn,USA
2091,Daniel Santiago,2000,2004,,7,1,256,1610612749,15,St. Vincent,Puerto Rico
2092,Ruben Garces,2000,2000,,,,,0,,Providence,USA
2098,Slava Medvedenko,2000,2006,,6,10,253,1610612747,3,Kyiv,Ukraine
2101,Paul McPherson,2000,2000,,6,4,210,1610612756,23,DePaul,USA
2106,Ruben Wolkowyski,2000,2002,,6,10,275,1610612760,45,Estudiantes de Olavarria,Argentina
2109,Eddie Gill,2000,2008,,6,0,190,0,,Weber State,USA
2121,Terrance Roberson,2000,2000,,,,,0,,Fresno State,USA
2123,Garth Joseph,2000,2000,,7,2,306,0,,St. Rose,USA
2124,Malik Allen,2001,2010,,6,10,255,1610612748,35,Villanova,USA
2128,David Vanterpool,2000,2000,,6,5,200,1610612764,22,St. Bonaventure,USA
2130,Mike Penberthy,2000,2001,,6,3,180,0,,The Master's College,USA
2143,Pepe Sanchez,2000,2002,,6,4,195,1610612755,6,Temple,Argentina
2173,Sean Colson,2000,2002,,6,0,175,1610612745,3,North Carolina-Charlotte,USA
2198,Kwame Brown,2001,2012,2001,6,11,290,1610612764,54,Glynn Academy HS (GA),USA
2199,Tyson Chandler,2001,2019,2001,7,0,235,1610612752,6,Dominguez HS (CA),USA
2200,Pau Gasol,2001,2018,2001,7,0,250,1610612747,16,FC Barcelona,Spain
2201,Eddy Curry,2001,2012,2001,7,0,295,0,,Thornwood HS (IL),USA
2202,Jason Richardson,2001,2014,2001,6,6,225,1610612744,23,Michigan State,USA
2203,Shane Battier,2001,2013,2001,6,8,220,1610612763,31,Duke,USA
2204,Eddie Griffin,2001,2006,2001,6,9,222,0,,Seton Hall,USA
2206,Rodney White,2001,2004,2001,6,9,230,1610612743,3,North Carolina-Charlotte,USA
2207,Joe Johnson,2001,2021,2001,6,7,240,0,,Arkansas,USA
2209,Vladimir Radmanovic,2001,2012,2001,6,10,235,1610612760,77,FMP,Serbia
2211,Troy Murphy,2001,2012,2001,6,11,245,0,,Notre Dame,USA
2212,Steven Hunter,2001,2009,2001,7,0,240,1610612753,45,DePaul,USA
2213,Kirk Haston,2001,2002,2001,6,9,242,1610612766,35,Indiana,USA
2214,Michael Bradley,2001,2005,2001,6,10,245,1610612761,5,Villanova,USA
2215,Jason Collins,2001,2013,2001,7,0,255,1610612751,98,Stanford,USA
2216,Zach Randolph,2001,2017,2001,6,9,250,1610612763,50,Michigan State,USA
2217,Brendan Haywood,2001,2014,2001,7,0,263,1610612764,33,North Carolina,USA
2218,Joseph Forte,2001,2002,2001,6,4,194,1610612760,40,North Carolina,USA
2219,Jeryl Sasser,2001,2002,2001,6,6,200,1610612753,5,Southern Methodist,USA
2220,Brandon Armstrong,2001,2003,2001,6,5,185,1610612751,1,Pepperdine,USA
2221,Raul Lopez,2002,2004,2001,6,0,175,0,,Real Madrid,Spain
2222,Gerald Wallace,2001,2014,2001,6,7,220,1610612766,45,Alabama,USA
2223,Samuel Dalembert,2001,2014,2001,6,11,255,0,,Seton Hall,Haiti
2224,Jamaal Tinsley,2001,2013,2001,6,3,188,0,,Iowa State,USA
2225,Tony Parker,2001,2018,2001,6,2,185,1610612759,9,Paris Basket Racing,France
2226,Will Solomon,2001,2008,2001,6,1,185,0,,Clemson,USA
2228,Alton Ford,2001,2003,2001,6,9,280,0,,Houston,USA
2229,Mike James,2001,2013,,6,2,188,1610612748,8,Duquesne,USA
2230,Maurice Evans,2001,2011,,6,5,220,1610612737,6,Texas,USA
2237,Ratko Varda,2001,2002,,7,1,265,1610612765,50,Partizan,Bosnia and Herzegovina
2240,Gilbert Arenas,2001,2011,2001,6,4,215,1610612764,10,Arizona,USA
2242,Terence Morris,2001,2008,2001,,,,0,,Maryland,USA
2243,Brian Scalabrine,2001,2011,2001,6,9,235,1610612738,24,Southern California,USA
2244,Jeff Trepagnier,2001,2003,2001,6,4,200,1610612743,4,USC,USA
2246,Mehmet Okur,2002,2011,2001,6,11,260,0,,Efes Pilsen,Turkey
2248,Earl Watson,2001,2013,2001,6,1,199,1610612760,17,UCLA,USA
2249,Jamison Brewer,2001,2004,2001,6,4,195,0,,Auburn,USA
2250,Bobby Simmons,2001,2011,2001,6,6,235,1610612746,21,DePaul,USA
2253,Sean Lampley,2002,2003,2001,6,6,213,0,,California,USA
2254,Loren Woods,2001,2007,2001,7,2,260,1610612750,33,Arizona,USA
2257,Ruben Boumtje-Boumtje,2001,2003,2001,7,0,257,1610612757,44,Georgetown,USA
2260,Jarron Collins,2001,2010,2001,6,11,249,0,,Stanford,USA
2264,Alvin Jones,2001,2002,2001,6,11,265,1610612755,42,Georgia Tech,USA
2306,Carlos Arroyo,2001,2010,,6,2,200,1610612753,45,Florida International,Puerto Rico
2321,Paul Shirley,2002,2004,,6,10,230,1610612756,17,Iowa State,USA
2343,Joe Crispin,2001,2001,,6,0,185,1610612756,11,Penn State,USA
2347,Tang Hamilton,2001,2002,,6,8,205,1610612748,5,Mississippi State,USA
2349,Victor Alexander,1991,2001,1991,6,10,265,1610612744,9,Iowa State,USA
2351,Oscar Torres,2001,2002,,6,6,210,1610612745,18,Trotamundos,Venezuela
2352,Dean Oliver,2001,2002,,5,11,175,1610612744,2,Iowa,USA
2357,Tierre Brown,2001,2004,,6,2,189,0,,McNeese State,USA
2365,Chris Andersen,2001,2016,,6,10,245,0,,Blinn J.C.,USA
2366,Mike Wilks,2002,2009,,5,10,180,0,,Rice,USA
2367,Geno Carlisle,2004,2004,,6,3,200,0,,California,USA
2370,Mengke Bateer,2001,2003,,6,11,290,0,,Beijing,China
2397,Yao Ming,2002,2010,2002,7,6,310,1610612745,11,Shanghai,China
2398,Jay Williams,2002,2002,2002,6,2,195,1610612741,22,Duke,USA
2399,Mike Dunleavy,2002,2016,2002,6,9,230,1610612744,34,Duke,USA
2400,Drew Gooden,2002,2015,2002,6,10,250,1610612739,90,Kansas,USA
2401,Nikoloz Tskitishvili,2002,2005,2002,7,0,225,1610612743,15,Benetton Treviso,Georgia
2402,Dajuan Wagner,2002,2006,2002,6,3,200,0,,Memphis,USA
2404,Chris Wilcox,2002,2012,2002,6,10,235,1610612746,44,Maryland,USA
2405,Amar'e Stoudemire,2002,2015,2002,6,10,245,1610612752,5,Cypress Creek HS (FL),USA
2406,Caron Butler,2002,2015,2002,6,7,228,1610612764,31,Connecticut,USA
2407,Jared Jeffries,2002,2012,2002,6,11,240,1610612752,1,Indiana,USA
2408,Melvin Ely,2002,2013,2002,6,10,260,1610612766,4,Fresno State,USA
2409,Marcus Haislip,2002,2009,2002,6,10,230,0,,Tennessee,USA
2410,Fred Jones,2002,2008,2002,6,2,225,1610612754,2,Oregon,USA
2411,Bostjan Nachbar,2002,2007,2002,6,9,221,1610612751,7,Benetton Treviso,Slovenia
2412,Jiri Welsch,2002,2005,2002,6,7,208,1610612738,44,Union Olimpija,Czech Republic
2415,Ryan Humphrey,2002,2004,2002,6,8,235,0,,Notre Dame,USA
2416,Kareem Rush,2002,2009,2002,6,6,215,0,,Missouri,USA
2417,Qyntel Woods,2002,2005,2002,6,8,220,1610612757,6,Northeast Mississippi CC,USA
2418,Casey Jacobsen,2002,2007,2002,6,6,215,1610612756,23,Stanford,USA
2419,Tayshaun Prince,2002,2015,2002,6,9,212,1610612765,12,Kentucky,USA
2420,Nenad Krstic,2004,2010,2002,7,0,240,1610612751,4,Partizan,Serbia
2421,Frank Williams,2002,2004,2002,6,3,212,1610612752,30,Illinois,USA
2422,John Salmons,2002,2014,2002,6,6,210,0,,Miami,USA
2423,Chris Jefferies,2002,2003,2002,6,8,230,1610612761,6,Fresno State,USA
2424,Dan Dickau,2002,2007,2002,6,0,180,1610612737,10,Gonzaga,USA
2425,Robert Archibald,2002,2003,2002,6,11,250,1610612761,34,Illinois,Scotland
2428,Vincent Yarbrough,2002,2002,2002,6,7,210,1610612743,3,Tennessee,USA
2429,Dan Gadzuric,2002,2011,2002,6,11,240,1610612749,50,UCLA,Netherlands
2430,Carlos Boozer,2002,2014,2002,6,9,258,1610612762,5,Duke,USA
2431,David Andersen,2009,2017,2002,,,,0,,FC Barcelona,Australia
2432,Tito Maddox,2002,2002,2002,6,4,190,1610612745,6,Fresno State,USA
2435,Mario Kasun,2004,2005,2002,7,1,260,1610612753,41,Skyliners Frankfurt,Croatia
2436,Flip Murray,2002,2009,2002,6,3,200,1610612760,6,Shaw,USA
2437,Lonny Baxter,2002,2005,2002,6,8,260,1610612741,35,Maryland,USA
2440,Matt Barnes,2002,2016,2002,6,7,226,1610612746,22,UCLA,USA
2441,Jamal Sampson,2002,2006,2002,6,11,235,1610612766,7,California,USA
2442,Chris Owens,2002,2002,2002,6,7,245,1610612763,20,Texas-Austin,USA
2443,Darius Songaila,2003,2010,2002,6,9,248,1610612764,25,Wake Forest,Lithuania
2446,Rasual Butler,2002,2015,2002,6,7,215,0,,La Salle,USA
2447,Tamar Slay,2002,2004,2002,6,8,220,0,,Marshall,USA
2449,Luis Scola,2007,2016,2002,6,9,241,0,,Tau Ceramica,Argentina
2451,Corsley Edwards,2002,2004,2002,6,9,275,0,,Central Connecticut State,USA
2452,J.R. Bremer,2002,2003,,6,2,185,1610612738,9,St. Bonaventure,USA
2454,Junior Harrington,2002,2006,,6,4,190,1610612743,10,Wingate,USA
2456,Cezary Trybanski,2002,2003,,7,2,240,1610612763,14,Znicz Pruszkow,Poland
2457,Jannero Pargo,2002,2014,,6,1,185,0,,Arkansas,USA
2462,Guy Rucker,2002,2002,1999,6,9,270,1610612744,4,Iowa,USA
2466,Maurice Carter,2002,2003,,6,5,210,1610612740,5,Louisiana State,USA
2469,Pat Burke,2002,2006,,6,11,250,1610612756,11,Auburn,Ireland
2470,Smush Parker,2002,2007,,6,4,190,1610612747,1,Fordham,USA
2484,Devin Brown,2002,2009,,6,5,210,1610612740,32,Texas-San Antonio,USA
2486,Maurice Baker,2002,2004,,6,2,200,0,,Oklahoma State,USA
2492,Adam Harrington,2002,2002,,6,5,200,1610612742,21,Auburn,USA
2501,Reggie Evans,2002,2014,,6,8,245,1610612760,30,Iowa,USA
2541,Antoine Rigaudeau,2002,2002,,6,7,210,0,,Virtus Bologna,France
2544,LeBron James,2003,2023,2003,6,9,250,1610612747,6,St. Vincent-St. Mary HS (OH),USA
2545,Darko Milicic,2003,2012,2003,7,0,275,0,,Hemoform,Serbia
2546,Carmelo Anthony,2003,2021,2003,6,7,238,1610612747,7,Syracuse,USA
2547,Chris Bosh,2003,2016,2003,6,11,235,1610612748,1,Georgia Tech,USA
2549,Chris Kaman,2003,2015,2003,7,0,265,1610612746,35,Central Michigan,USA
2550,Kirk Hinrich,2003,2015,2003,6,4,190,1610612741,12,Kansas,USA
2551,T.J. Ford,2003,2011,2003,6,0,165,0,,Texas-Austin,USA
2552,Michael Sweetney,2003,2006,2003,6,8,270,1610612752,50,Georgetown,USA
2553,Jarvis Hayes,2003,2009,2003,6,8,228,1610612764,22,Georgia,USA
2554,Mickael Pietrus,2003,2012,2003,6,6,215,1610612744,20,Pau Orthez,France
2555,Nick Collison,2003,2017,2003,6,10,255,1610612760,4,Kansas,USA
2556,Marcus Banks,2003,2010,2003,6,2,205,1610612738,15,UNLV,USA
2557,Luke Ridnour,2003,2014,2003,6,2,175,1610612760,13,Oregon,USA
2558,Reece Gaines,2003,2005,2003,6,6,205,0,,Louisville,USA
2559,Troy Bell,2003,2003,2003,6,1,180,1610612763,3,Boston College,USA
2560,Zarko Cabarkapa,2003,2006,2003,6,11,230,1610612744,11,Buducnost,Serbia
2561,David West,2003,2017,2003,6,9,250,1610612740,3,Xavier,USA
2563,Dahntay Jones,2003,2016,2003,6,6,225,1610612763,30,Duke,USA
2564,Boris Diaw,2003,2016,2003,6,8,250,1610612759,33,Pau Orthez,France
2565,Zoran Planinic,2003,2008,2003,,,,0,,Cibona,Croatia
2568,Carlos Delfino,2004,2013,2003,6,6,230,1610612765,10,Fortitudo Bologna,Argentina
2569,Ndudi Ebi,2003,2004,2003,6,9,195,1610612750,44,Westbury Christian HS (TX),USA
2570,Kendrick Perkins,2003,2017,2003,6,10,270,1610612738,21,Clifton J. Ozen HS (TX),USA
2572,Josh Howard,2003,2012,2003,6,7,210,0,,Wake Forest,USA
2573,Maciej Lampe,2003,2005,2003,6,11,275,1610612756,15,Real Madrid,Poland
2574,Jason Kapono,2003,2011,2003,6,8,215,0,,UCLA,USA
2575,Luke Walton,2003,2012,2003,6,8,235,1610612747,4,Arizona,USA
2580,Travis Hansen,2003,2003,2003,6,6,205,1610612737,6,Brigham Young,USA
2581,Steve Blake,2003,2015,2003,6,3,172,1610612757,22,Maryland,USA
2582,Slavko Vranes,2003,2003,2003,7,5,275,0,,Buducnost,Montenegro
2583,Derrick Zimmerman,2005,2005,2003,6,3,195,0,,Mississippi State,USA
2584,Willie Green,2003,2014,2003,6,3,205,1610612755,34,Detroit,USA
2585,Zaza Pachulia,2003,2018,2003,6,11,270,1610612737,27,Ulkerspor,Georgia
2586,Keith Bogans,2003,2013,2003,6,5,215,1610612753,4,Kentucky,USA
2588,Matt Bonner,2004,2015,2003,6,10,235,1610612759,15,Florida,USA
2590,Mo Williams,2003,2015,2003,6,1,198,1610612749,52,Alabama,USA
2591,James Lang,2006,2006,2003,6,10,305,0,,Central Park Christian HS (AL),USA
2592,James Jones,2003,2016,2003,6,8,218,1610612748,1,Miami,USA
2601,Andreas Glyniadakis,2006,2006,2003,7,1,280,0,,AEK Athens,Greece
2602,Jerome Beasley,2003,2003,2003,6,9,237,1610612748,24,North Dakota,USA
2604,Theron Smith,2003,2004,,6,8,225,0,,Ball State,USA
2617,Udonis Haslem,2003,2023,,6,7,235,1610612748,40,Florida,USA
2632,Kirk Penney,2003,2004,,6,5,220,0,,Wisconsin,USA
2637,Alex Scales,2005,2005,,6,4,195,0,,Oregon,USA
2639,Britton Johnsen,2003,2004,,6,10,210,0,,Utah,USA
2652,Shelton Jones,1988,1988,1988,6,8,210,1610612755,31,St. John's (NY),USA
2657,Yuta Tabuse,2004,2004,,5,9,165,0,,Brigham Young-Hawaii,USA
2667,Desmond Penigar,2003,2003,,6,7,245,0,,Utah State,USA
2668,Josh Davis,2003,2011,,6,8,235,0,,Wyoming,USA
2669,Linton Johnson,2003,2008,,6,8,205,1610612740,54,Tulane,USA
2673,Hiram Fuller,2003,2003,,6,9,240,0,,Fresno State,USA
2684,Melvin Sanders,2005,2005,,6,5,210,0,,Oklahoma State,USA
2688,Brandin Knight,2004,2004,,6,0,180,0,,Pittsburgh,USA
2693,Keith McLeod,2003,2006,,6,2,190,1610612762,20,Bowling Green,USA
2694,Josh Powell,2005,2013,,6,9,240,1610612747,21,North Carolina State,USA
2696,Lynn Greer,2006,2006,,6,2,175,1610612749,3,Temple,USA
2724,Desmond Ferguson,2003,2003,,6,7,210,1610612757,5,Detroit,USA
2730,Dwight Howard,2004,2021,2004,6,10,265,1610612747,39,,USA
2731,Emeka Okafor,2004,2017,2004,6,10,255,1610612766,50,Connecticut,USA
2732,Ben Gordon,2004,2014,2004,6,3,205,1610612741,7,Connecticut,USA
2733,Shaun Livingston,2004,2018,2004,6,7,192,1610612744,34,No College,USA
2734,Devin Harris,2004,2018,2004,6,3,185,1610612742,34,Wisconsin,USA
2735,Josh Childress,2004,2013,2004,6,8,210,0,,Stanford,USA
2736,Luol Deng,2004,2018,2004,6,9,237,1610612741,9,Duke,United Kingdom
2737,Rafael Araujo,2004,2006,2004,6,11,270,1610612761,55,Brigham Young,Brazil
2739,Luke Jackson,2004,2007,2004,6,7,215,0,,Oregon,USA
2740,Andris Biedrins,2004,2013,2004,7,0,250,0,,BK Skonto,Latvia
2741,Robert Swift,2004,2008,2004,7,1,270,1610612760,31,Bakersfield HS (CA),USA
2742,Sebastian Telfair,2004,2014,2004,6,0,170,0,,Abraham Lincoln HS (NY),USA
2743,Kris Humphries,2004,2016,2004,6,9,235,1610612751,43,Minnesota,USA
2744,Al Jefferson,2004,2017,2004,6,10,280,1610612762,25,Prentiss HS (MS),USA
2745,Kirk Snyder,2004,2007,2004,6,6,225,1610612740,30,Nevada-Reno,USA
2746,Josh Smith,2004,2017,2004,6,9,225,0,,Oak Hill Academy (VA),USA
2747,JR Smith,2004,2019,2004,6,6,220,1610612743,21,No College,USA
2749,Jameer Nelson,2004,2017,2004,6,0,190,1610612753,41,St. Joseph's (PA),USA
2750,Pavel Podkolzin,2004,2005,2004,7,5,260,0,,Metis Varese,Russia
2751,Viktor Khryapa,2004,2008,2004,,,,0,,CSKA Moscow,Russia
2753,Delonte West,2004,2011,2004,6,3,180,1610612738,13,St. Joseph's (PA),USA
2754,Tony Allen,2004,2017,2004,6,4,213,0,,Oklahoma State,USA
2755,Kevin Martin,2004,2015,2004,6,7,199,1610612758,23,Western Carolina,USA
2756,Sasha Vujacic,2004,2016,2004,6,7,195,1610612747,18,Udine,Slovenia
2757,Beno Udrih,2004,2016,2004,6,3,205,1610612758,19,Olimpia Milano,Slovenia
2758,David Harrison,2004,2007,2004,7,0,280,1610612754,13,Colorado,USA
2760,Anderson Varejao,2004,2020,2004,6,11,260,0,,FC Barcelona,Brazil
2762,Peter John Ramos,2004,2004,2004,7,3,275,0,,Caguas,Puerto Rico
2763,Lionel Chalmers,2004,2004,2004,6,0,180,1610612746,0,Xavier,USA
2764,Donta Smith,2004,2005,2004,6,7,215,1610612737,15,Southeastern Illinois,USA
2765,Andre Emmett,2004,2011,2004,6,5,230,0,,Texas Tech,USA
2766,Antonio Burks,2004,2005,2004,6,0,195,1610612763,1,Memphis,USA
2767,Royal Ivey,2004,2013,2004,6,4,200,0,,Texas-Austin,USA
2768,Chris Duhon,2004,2012,2004,6,1,190,1610612741,21,Duke,USA
2770,Justin Reed,2004,2006,2004,6,8,240,0,,Mississippi,USA
2772,Trevor Ariza,2004,2021,2004,6,8,215,0,,UCLA,USA
2774,Bernard Robinson,2004,2006,2004,6,6,210,1610612766,22,Michigan,USA
2776,Pape Sow,2004,2006,2004,6,10,250,1610612761,9,California State-Fullerton,Senegal
2779,Vassilis Spanoulis,2006,2006,2004,6,4,195,1610612745,10,Panathinaikos,Greece
2782,Matt Freije,2004,2006,2004,6,9,249,0,,Vanderbilt,USA
2784,Luis Flores,2004,2004,2004,6,2,195,1610612744,12,Manhattan,USA
2788,DJ Mbenga,2004,2010,,7,0,255,1610612747,28,Spirou Charleroi,Belgium
2798,Horace Jenkins,2004,2004,,6,1,180,1610612765,5,William Paterson,USA
2800,Tony Bobbitt,2004,2004,,6,4,190,0,,Cincinnati,USA
2804,Andres Nocioni,2004,2016,,,,,0,,Tau Ceramica,Argentina
2809,Gerald Fitch,2005,2005,,6,3,188,0,,Kentucky,USA
2823,John Edwards,2004,2005,,7,0,275,1610612737,54,Kent State,USA
2824,Desmon Farmer,2006,2008,,6,5,220,0,,Southern California,USA
2825,Ibrahim Kutluay,2004,2004,,6,6,200,0,,Ulkerspor,Turkey
2839,James Thomas,2004,2005,,6,9,245,0,,Texas-Austin,USA
2852,Awvee Storey,2004,2007,,6,6,225,1610612749,20,Arizona State,USA
2853,Earl Barron,2005,2014,,7,0,250,1610612748,30,Memphis,USA
2863,Damien Wilkins,2004,2017,,6,6,217,0,,Georgia,USA
2866,Jackie Butler,2004,2006,,6,10,260,1610612752,45,Coastal Christian Academy (VA),USA
2867,Kasib Powell,2007,2007,,6,7,215,1610612748,12,Texas Tech,USA
2873,Billy Thomas,2004,2007,,6,5,220,1610612751,12,Kansas,USA
2891,Mark Jones,1983,2004,1983,6,6,215,1610612753,7,St. Bonaventure,USA
76001,Alaa Abdelnaby,1990,1994,1990,6,10,240,1610612757,30,Duke,USA
76003,Kareem Abdul-Jabbar,1969,1988,1969,7,2,225,1610612747,33,UCLA,USA
76005,Tom Abernethy,1976,1980,1976,6,7,220,1610612744,5,Indiana,USA
76006,Forest Able,1956,1956,1956,6,3,180,1610612755,6,Western Kentucky,USA
76007,John Abramovic,1946,1947,,6,3,195,1610610031,,Salem,USA
76008,Donald Ackerman,1953,1953,1953,6,0,183,1610612752,,Long Island-Brooklyn,USA
76009,Mark Acres,1987,1992,1985,6,11,220,1610612753,42,Oral Roberts,USA
76010,Charles Acton,1967,1967,,6,6,210,1610612745,24,Hillsdale,USA
76011,Alvan Adams,1975,1987,1975,6,9,210,1610612756,33,Oklahoma,USA
76012,Don Adams,1970,1976,1970,6,7,210,1610612765,10,Northwestern,USA
76015,Rick Adelman,1968,1974,1968,6,2,175,1610612757,5,Loyola-Marymount,USA
76016,Mark Aguirre,1981,1993,1981,6,6,232,1610612742,7,DePaul,USA
76018,Henry Akin,1966,1967,1966,6,10,225,1610612752,10,Morehead State,USA
76019,Mark Alarie,1986,1990,1986,6,8,217,1610612764,31,Duke,USA
76020,Gary Alcorn,1959,1960,1959,6,9,225,1610612765,24,Fresno State,USA
76024,Steve Alford,1987,1990,1987,6,2,183,1610612742,4,Indiana,USA
76027,Lucius Allen,1969,1978,1969,6,2,175,1610612749,42,UCLA,USA
76028,Bob Allen,1968,1968,1968,6,9,205,1610612744,50,Marshall,USA
76029,Odis Allison,1971,1971,1971,6,6,195,1610612744,22,UNLV,USA
76030,Darrell Allums,1980,1980,1980,6,8,220,1610612742,32,UCLA,USA
76036,Daniel Anderson,1974,1975,1974,6,2,185,1610612757,33,Southern California,USA
76037,Dwight Anderson,1982,1982,1982,6,3,185,1610612743,20,Southern California,USA
76040,Jerome Anderson,1975,1976,1975,6,5,195,1610612754,21-23,West Virginia,USA
76041,Kim Anderson,1978,1978,1978,6,7,200,1610612757,42,Missouri,USA
76042,Michael Anderson,1988,1988,1988,5,11,184,1610612759,10,Drexel,USA
76043,Mitchell Anderson,1982,1984,1982,6,8,195,1610612762,11,Bradley,USA
76045,Richard Anderson,1982,1989,1982,6,10,240,1610612757,35,California-Santa Barbara,USA
76046,Ron Anderson,1984,1993,1984,6,7,215,1610612755,35,Fresno State,USA
76049,Don Anielak,1954,1954,1954,6,7,190,1610612752,12,Missouri State,USA
76050,Michael Ansley,1989,1991,1989,6,7,225,1610612753,54,Alabama,USA
76053,Stacey Arceneaux,1961,1961,,6,4,210,1610612737,,Iowa State,USA
76054,Nate Archibald,1970,1983,1970,6,1,150,1610612758,1,Texas-El Paso,USA
76055,Jim Ard,1974,1977,1970,6,9,215,1610612738,34,Cincinnati,USA
76056,Paul Arizin,1950,1961,1950,6,4,190,1610612744,11,Villanova,USA
76057,Joe Arlauckas,1987,1987,1987,6,9,230,1610612758,53,Niagara,USA
76059,Tate Armstrong,1977,1978,1977,6,3,175,1610612741,14,Duke,USA
76062,Jesse Arnelle,1955,1955,1955,6,5,220,1610612765,15-18,Penn State,USA
76064,Bob Arnzen,1970,1970,1969,6,5,205,1610612758,21-30,Notre Dame,USA
76065,John Arthurs,1969,1969,1969,6,4,185,1610612749,12,Tulane,USA
76068,Don Asmonga,1953,1953,,6,2,185,1610610024,,Alliance,USA
76069,Richard Atha,1955,1957,1953,6,2,190,1610612752,7,Indiana State,USA
76071,Chet Aubuchon,1946,1946,,5,10,137,1610610028,,Michigan State,USA
76073,John Austin,1966,1966,1966,6,0,170,1610612764,34,Boston College,USA
76076,William Averitt,1976,1977,1973,6,2,170,1610612746,15,Pepperdine,USA
76078,Dennis Awtrey,1970,1981,1970,6,10,235,1610612756,20,Santa Clara,USA
76079,Milos Babic,1990,1991,1990,7,0,240,1610612739,00,Tennessee Tech,USA
76080,Johnny Bach,1948,1948,1948,6,2,180,1610612738,17,Fordham,USA
76081,Jim Baechtold,1952,1956,1952,6,4,205,1610612752,10,Eastern Kentucky,USA
76082,John Bagley,1982,1993,1982,6,0,185,1610612739,5,Boston College,USA
76083,Gus Bailey,1974,1979,1974,6,5,185,1610612745,20,Texas-El Paso,USA
76084,Carl Bailey,1981,1981,1980,7,0,210,1610612757,21,Tuskegee,USA
76085,James Bailey,1979,1987,1979,6,9,220,1610612760,2,Rutgers,USA
76089,Norm Baker,1946,1946,,6,0,180,1610610025,,Victoria,Canada
76090,Cedric Ball,1990,1990,,6,8,210,1610612746,44,North Carolina-Charlotte,USA
76091,Greg Ballard,1977,1988,1977,6,7,215,1610612764,42,Oregon,USA
76092,Herschel Baltimore,1946,1946,,6,4,195,1610610034,,Penn State,USA
76093,Gene Banks,1981,1986,1981,6,7,215,1610612759,20,Duke,USA
76094,Ken Bannister,1984,1990,1984,6,9,235,1610612752,51,St. Augustine's,USA
76095,Mike Bantom,1973,1981,1973,6,9,200,1610612754,42,St. Joseph's (PA),USA
76096,John Barber,1956,1956,1956,6,6,210,1610612737,25,California State-Los Angeles,USA
76097,Stephen Bardo,1991,1995,1990,6,5,190,1610612742,25,Illinois,USA
76098,Cliff Barker,1949,1951,1949,6,2,185,1610610030,,Kentucky,USA
76099,Tom Barker,1976,1978,1976,6,11,225,1610612737,6,Hawaii,USA
76102,Don Barksdale,1951,1954,,6,6,200,1610612738,17,UCLA,USA
76104,Marvin Barnes,1976,1979,1974,6,9,210,1610612746,27,Providence,USA
76105,Jim Barnes,1964,1970,1964,6,8,210,1610612738,12,Texas-El Paso,USA
76106,Jim Barnett,1966,1976,1966,6,4,170,1610612744,33,Oregon,USA
76108,John Barnhill,1962,1968,1959,6,1,180,1610612737,11,Tennessee State,USA
76109,Norton Barnhill,1976,1976,1976,6,4,205,1610612760,10,Washington State,USA
76110,Leo Barnhorst,1949,1953,1949,6,4,190,1610610030,8-15,Notre Dame,USA
76111,John Barr,1946,1946,,6,3,205,1610610034,,Penn State,USA
76112,Mike Barr,1976,1976,1972,6,3,180,1610612758,34,Duquesne,USA
76114,Ernie Barrett,1953,2008,1951,,,,0,,Kansas State,USA
76117,Ed Bartels,1949,1950,,6,6,195,1610610036,,North Carolina State,USA
76118,Vic Bartolome,1971,1971,1970,7,0,230,1610612744,20,Oregon State,USA
76120,Tim Bassett,1976,1979,1973,6,8,225,1610612751,21,Georgia,USA
76121,Billyray Bates,1979,1982,1978,6,4,210,1610612757,35,Kentucky State,USA
76124,Dave Batton,1982,1983,1978,6,10,240,1610612764,45,Notre Dame,USA
76125,Johnny Baum,1969,1970,1969,6,5,200,1610612741,14,Temple,USA
76126,Frankie Baumholtz,1946,1946,,5,10,170,1610610026,,Ohio,USA
76127,Elgin Baylor,1958,1971,1958,6,5,225,1610612747,22,Seattle,USA
76128,Sergei Bazarevich,1994,1994,,6,2,168,1610612737,5,Tofas S.K.,Russia
76129,Ed Beach,1950,1950,1950,6,3,200,1610612737,,West Virginia,USA
76130,Butch Beard,1969,1978,1969,6,3,185,1610612752,9,Louisville,USA
76131,Ralph Beard,1949,1950,1949,5,10,175,1610610030,,Kentucky,USA
76133,Zelmo Beaty,1962,1974,1962,6,9,225,1610612737,31,Prairie View A&M,USA
76134,Byron Beck,1976,1976,1967,6,9,225,1610612743,40,Denver,USA
76136,Ernie Beck,1953,1960,1953,6,4,190,1610612744,12,Pennsylvania,USA
76137,Moe Becker,1946,1946,,6,1,185,1610610028,,Duquesne,USA
76140,Ron Behagen,1973,1979,1973,6,9,185,1610612758,12,Minnesota,USA
76141,Elmer Behnke,1951,1951,1951,6,7,210,1610612737,,Bradley,USA
76142,Dennis Bell,1973,1975,1973,6,5,185,1610612752,46,Drake,USA
76143,William Bell,1959,1960,,6,0,180,1610612752,15,North Carolina State,USA
76144,Walt Bellamy,1961,1974,1961,6,10,225,1610612737,8,Indiana,USA
76145,Irv Bemoras,1953,1956,1953,6,3,185,1610612737,26,Illinois,USA
76146,Leon Benbow,1974,1975,1974,6,4,185,1610612741,5,Jacksonville,USA
76148,Tony Bennett,1992,1994,1992,6,0,175,1610612766,25,Wisconsin-Green Bay,USA
76152,Winston Bennett,1989,1991,1988,6,7,210,1610612739,30,Kentucky,USA
76154,Kent Benson,1977,1987,1977,6,11,235,1610612765,54,Indiana,USA
76155,Gene Berce,1949,1949,1948,5,11,175,1610612737,,Marquette,USA
76156,Gary Bergen,1956,1956,1956,6,8,210,1610612752,18,Utah,USA
76157,Ricky Berry,1988,1988,1988,6,8,205,1610612758,34,San Jose State,USA
76158,Walter Berry,1986,1988,1986,6,8,215,1610612759,6,St. John's (NY),USA
76162,Henry Bibby,1972,1980,1972,6,1,185,1610612755,10-15,UCLA,USA
76163,Ed Biedenbach,1968,1968,1968,6,1,175,1610612756,12,North Carolina State,USA
76164,Don Bielke,1955,1955,1954,6,7,240,1610612765,18,Valparaiso,USA
76165,Bob Bigelow,1975,1978,1975,6,7,215,1610612758,32,Pennsylvania,USA
76167,Joe Binion,1986,1986,1984,6,8,235,1610612757,50,North Carolina A&T,USA
76168,Jerry Bird,1958,1958,1956,6,6,210,1610612752,7,Kentucky,USA
76170,Otis Birdsong,1977,1988,1977,6,3,190,1610612751,12,Houston,USA
76171,Gale Bishop,1948,1948,,6,3,195,1610612744,11,Washington State,USA
76172,Uwe Blab,1985,1989,1985,7,1,252,1610612742,33,Indiana,USA
76173,Charlie Black,1948,1951,,6,4,200,1610612765,21,Kansas,USA
76174,Norman Black,1980,1980,,6,5,185,1610612765,,St. Joseph's (PA),USA
76175,Tom Black,1970,1970,1964,6,10,220,1610612760,24,South Dakota State,USA
76177,Cory Blackwell,1984,1984,1984,6,6,210,1610612760,30,Wisconsin,USA
76179,Nate Blackwell,1987,1987,1987,6,4,170,1610612759,3,Temple,USA
76180,Alex Blackwell,1992,1992,,6,6,250,1610612747,30,Monmouth,USA
76182,George Blaney,1961,1961,1961,6,1,175,1610612752,15,Holy Cross,USA
76183,Lance Blanks,1990,1992,1990,6,4,190,1610612765,21,Texas-Austin,USA
76184,Ricky Blanton,1992,1992,1989,6,7,215,1610612741,17,Louisiana State,USA
76186,Leon Blevins,1950,1950,1950,6,2,160,1610610030,,Arizona,USA
76187,John Block,1966,1975,1966,6,10,207,1610612745,35,Southern California,USA
76188,Mike Bloom,1947,1948,,6,6,190,1610610024,11,Temple,USA
76189,Ray Blume,1981,1981,1981,6,4,185,1610612741,22,Oregon State,USA
76190,Nelson Bobb,1949,1952,1949,6,0,170,1610612744,5,Temple,USA
76191,Arlen Bockhorn,1958,1964,1958,6,4,200,1610612758,11,Dayton,USA
76195,Manute Bol,1985,1994,1985,7,6,200,1610612764,1,Bridgeport,USA
76196,Bill Bolger,1953,1953,1953,6,5,205,1610610024,,Georgetown,USA
76197,Doug Bolstorff,1957,1957,1957,6,4,195,1610612765,8,Minnesota,USA
76198,Phil Bond,1977,1977,1977,6,2,175,1610612745,30,Louisville,USA
76201,Ron Bonham,1964,1965,1964,6,4,192,1610612738,21,Cincinnati,USA
76203,George H. Bon Salle,1961,1961,1957,6,8,220,1610612764,33,Illinois,USA
76204,Ron Boone,1976,1980,1968,6,2,200,1610612758,24,Idaho State,USA
76206,Bob Boozer,1960,1970,1959,6,8,215,1610612758,20,Kansas State,USA
76207,Jake Bornheimer,1948,1949,,6,5,200,1610612744,15,Muhlenberg,USA
76209,Costic Borsavage,1950,1950,1950,6,8,220,1610612744,19,Temple,USA
76210,Vince Boryla,1949,1953,,6,5,210,1610612752,12,Denver,USA
76212,Lawrence Boston,1979,1979,1978,6,8,225,1610612764,4,Maryland,USA
76213,Tom Boswell,1975,1983,1975,6,8,220,1610612738,33,South Carolina,USA
76214,Don Boven,1949,1952,1949,6,4,210,1610612765,13,Western Michigan,USA
76217,Sam Bowie,1984,1994,1984,7,1,235,1610612751,31,Kentucky,USA
76221,Dennis Boyd,1978,1978,1977,6,1,175,1610612765,11,Detroit,USA
76222,Fred Boyd,1972,1977,1972,6,2,180,1610612755,4,Oregon State,USA
76223,Ken Boyd,1974,1974,1974,6,5,195,1610612762,33,Boston University,USA
76224,Harry Boykoff,1949,1950,,6,9,225,1610610037,16,St. John's (NY),USA
76225,Winford Boynes,1978,1980,1978,6,6,185,1610612751,6,San Francisco,USA
76226,Steve Bracey,1972,1974,1972,6,1,175,1610612737,22,Tulsa,USA
76227,Gary Bradds,1964,1965,1964,6,8,210,1610612764,33,Ohio State,USA
76229,Alonzo Bradley,1977,1979,1977,6,6,190,1610612745,22,Texas Southern,USA
76230,Charles Bradley,1981,1983,1981,6,5,215,1610612738,30,Wyoming,USA
76231,Dudley Bradley,1979,1988,1979,6,6,195,1610612754,22,North Carolina,USA
76232,Joe Bradley,1949,1949,,6,3,175,1610610025,,Oklahoma State,USA
76233,Bill Bradley,1967,1976,1965,6,5,205,1610612752,24,Princeton,USA
76237,Adrian Branch,1986,1989,1985,6,7,185,1610612757,1,Maryland,USA
76238,Bob Brannum,1949,1954,,6,6,215,1610612738,18,Michigan State,USA
76241,Jim Brasco,1952,1952,1952,6,1,170,1610612737,15,New York University,USA
76242,Mike Bratz,1977,1985,1977,6,2,185,1610612756,10,Stanford,USA
76243,Carl Braun,1947,1961,,6,5,180,1610612752,4,Colgate,USA
76245,Pete Brennan,1958,1958,1958,6,6,205,1610612752,15-16,North Carolina,USA
76247,Randy Breuer,1983,1993,1983,7,3,230,1610612749,45,Minnesota,USA
76248,Jim Brewer,1973,1981,1973,6,9,210,1610612739,8,Minnesota,USA
76249,Ron Brewer,1978,1985,1978,6,4,180,1610612757,10,Arkansas,USA
76250,Frank Brian,1949,1955,,6,1,180,1610612765,7,Louisiana State,USA
76252,Junior Bridgeman,1975,1986,1975,6,5,210,1610612749,2,Louisville,USA
76254,Al Brightman,1946,1946,,6,2,195,1610612738,8-16,University of Charleston,USA
76255,Audley Brindley,1946,1946,,6,4,175,1610612752,12-15,Dartmouth,USA
76256,John Brisker,1972,1974,,6,5,210,1610612760,40,Toledo,USA
76257,Allan Bristow,1973,1982,1973,6,7,210,1610612759,23,Virginia Tech,USA
76258,Tyrone Britt,1967,1967,,6,4,190,1610612745,31,Johnson C. Smith,USA
76259,Wayman Britt,1977,1977,1976,6,2,185,1610612765,12,Michigan,USA
76260,Mike Brittain,1985,1986,1985,7,0,235,1610612759,40,South Carolina,USA
76261,David Britton,1980,1980,1980,6,4,180,1610612764,33,Texas A&M,USA
76262,Jim Brogan,1981,1982,,6,4,185,1610612746,15,West Virginia Wesleyan,USA
76263,Gary Brokaw,1974,1977,1974,6,4,178,1610612749,7,Notre Dame,USA
76264,Price Brookfield,1948,1949,,6,4,185,1610610029,17,West Texas A&M,USA
76265,Kevin Brooks,1991,1993,1991,6,6,200,1610612743,43,Louisiana-Lafayette,USA
76266,Michael Brooks,1980,1987,1980,6,7,220,1610612746,35,La Salle,USA
76270,Darrell Brown,1948,1948,1948,6,2,175,1610610024,,Humboldt State,USA
76272,Fred Brown,1971,1983,1971,6,3,182,1610612760,32,Iowa,USA
76273,George Brown,1957,1957,1957,6,6,190,1610612747,,Wayne State,USA
76275,Harold Brown,1946,1946,,6,0,155,1610610028,,Evansville,USA
76276,John Brown,1973,1979,1973,6,7,220,1610612737,32-52,Missouri,USA
76277,Myron Brown,1991,1991,1991,6,3,180,1610612750,34,Slippery Rock,USA
76278,Leon Brown,1946,1946,,6,3,190,1610610026,,Wyoming,USA
76279,Lewis Brown,1980,1980,1977,6,11,225,1610612764,4,UNLV,USA
76282,Raymond Brown,1989,1989,,6,8,220,1610612762,24,Idaho,USA
76283,Rickey Brown,1980,1984,1980,6,10,215,1610612744,31,Mississippi State,USA
76285,Stan Brown,1947,1951,,6,3,200,1610612744,14,South Philadelphia HS (PA),USA
76287,Jim Browne,1948,1949,,6,10,235,1610610027,,Tilden Tech HS (IL),USA
76288,Stanley Brundy,1989,1989,1989,6,6,210,1610612751,21,DePaul,USA
76289,Emmette Bryant,1964,1971,1964,6,1,175,1610612752,7,DePaul,USA
76290,Joe Bryant,1975,1982,1975,6,10,185,1610612755,22,La Salle,USA
76291,Wallace Bryant,1983,1985,1982,7,0,245,1610612742,31,San Francisco,USA
76292,Torgeir Bryn,1989,1989,,6,9,250,1610612746,12,Texas State,Norway
76293,Joe Buckhalter,1961,1962,1958,6,7,210,1610612758,21,Tennessee State,USA
76294,Steve Bucknall,1989,1989,,6,6,215,1610612747,24,North Carolina,USA
76295,Cleveland Buckner,1961,1962,1961,6,9,210,1610612752,12,Jackson State,USA
76296,Quinn Buckner,1976,1985,1976,6,3,190,1610612749,25,Indiana,USA
76297,Dave Budd,1960,1964,1960,6,6,205,1610612752,10,Wake Forest,USA
76298,Walter Budko,1948,1951,1948,6,5,220,1610610024,19,Columbia,USA
76300,Greg Bunch,1978,1978,1978,6,6,190,1610612752,30,California State-Fullerton,USA
76301,Dick Bunt,1952,1952,1952,6,0,170,1610610024,,New York University,USA
76302,Bill Buntin,1965,1965,1965,6,7,250,1610612765,17,Michigan,USA
76303,Luther Burden,1976,1977,1975,6,2,185,1610612752,14,Utah,USA
76304,Roger Burkman,1981,1981,1981,6,5,175,1610612741,21,Louisville,USA
76305,Tom Burleson,1974,1980,1974,7,2,225,1610612760,16,North Carolina State,USA
76307,David Burns,1981,1981,1981,6,2,180,1610612743,5,St. Louis,USA
76308,Evers Burns,1993,1993,1993,6,8,260,1610612758,53,Maryland,USA
76309,Jim Burns,1967,1967,1967,6,3,195,1610612741,6,Northwestern,USA
76311,Art Burris,1950,1951,1950,6,5,220,1610612737,15,Tennessee,USA
76313,Bob Burrow,1956,1957,1956,6,7,228,1610612758,50,Kentucky,USA
76316,Steve Burtt,1984,1992,1984,6,2,185,1610612744,15,Iona,USA
76317,Don Buse,1976,1984,1972,6,4,190,1610612756,10,Evansville,USA
76318,Donnie Butcher,1961,1965,1961,6,2,200,1610612765,24,Pikeville,USA
76319,Al Butler,1961,1964,1961,6,2,175,1610612752,20,Niagara,USA
76320,Greg Butler,1988,1990,1988,6,11,240,1610612752,45,Stanford,USA
76321,Marty Byrnes,1978,1982,1978,6,7,215,1610612754,11,Syracuse,USA
76322,Tommy Byrnes,1946,1950,,6,3,175,1610612752,12,Seton Hall,USA
76323,Mike Bytzura,1946,1946,,6,1,170,1610610031,,Long Island-Brooklyn,USA
76324,Barney Cable,1958,1963,1958,6,7,175,1610612755,35,Bradley,USA
76326,Gerry Calabrese,1950,1951,1950,6,1,175,1610612755,13,St. John's (NY),USA
76328,Jim Caldwell,1967,1967,1965,6,10,240,1610612752,23,Georgia Tech,USA
76329,Joe Caldwell,1964,1969,1964,6,5,195,1610612737,27,Arizona State,USA
76330,Corky Calhoun,1972,1979,1972,6,7,210,1610612756,10,Pennsylvania,USA
76331,Bill Calhoun,1948,1954,,6,3,180,1610612737,3,CC of San Francisco,USA
76332,Demetrius Calip,1991,1991,,6,1,165,1610612747,7,Michigan,USA
76333,Tom Callahan,1946,1946,,6,1,180,1610610032,,Rockhurst,USA
76334,Rick Calloway,1990,1990,,6,6,180,1610612758,4,Kansas,USA
76336,Mack Calvin,1976,1980,1969,6,0,165,1610612743,21,Southern California,USA
76338,Tony Campbell,1984,1994,1984,6,7,215,1610612750,9,Ohio State,USA
76339,Larry Cannon,1973,1973,1969,6,4,195,1610612755,14,La Salle,USA
76340,Howie Carl,1961,1961,1961,5,9,160,1610612764,10,DePaul,USA
76341,Chet Carlisle,1946,1946,,6,5,195,1610610025,,California,USA
76342,Rick Carlisle,1984,1989,1984,6,5,210,1610612738,12,Virginia,USA
76343,Al Carlson,1975,1975,,6,11,235,1610612760,35,Oregon,USA
76344,Don Carlson,1946,1950,,6,0,170,1610612747,,Minnesota,USA
76345,Bob Carney,1954,1954,1954,6,3,170,1610612747,18,Bradley,USA
76346,Bob Carpenter,1949,1950,,6,5,200,1610612765,10-15,Texas A&M-Commerce,USA
76348,Austin Carr,1971,1980,1971,6,4,200,1610612739,34,Notre Dame,USA
76350,Kenny Carr,1977,1986,1977,6,7,220,1610612757,34,North Carolina State,USA
76351,M.L. Carr,1976,1984,1973,6,6,205,1610612738,30,Guilford,USA
76355,Butch Carter,1980,1985,1980,6,5,180,1610612754,12,Indiana,USA
76358,Howard Carter,1983,1984,1983,6,5,215,1610612743,32,Louisiana State,USA
76359,Jake Carter,1949,1949,1948,6,4,195,1610610027,,Texas A&M-Commerce,USA
76360,Reggie Carter,1980,1981,1979,6,3,175,1610612752,35,St. John's (NY),USA
76361,Ron Carter,1978,1979,1978,6,5,190,1610612747,13,Virginia Military Institute,USA
76362,Bill Cartwright,1979,1994,1979,7,1,245,1610612752,24,San Francisco,USA
76363,Jay Carty,1968,1968,1962,6,7,220,1610612747,52,Oregon State,USA
76365,Harvey Catchings,1974,1984,1974,6,9,218,1610612749,42,Hardin-Simmons,USA
76367,Sid Catlett,1971,1971,1971,6,6,230,1610612758,43,Notre Dame,USA
76368,Bobby Cattage,1981,1985,1981,6,9,250,1610612762,45,Auburn,USA
76370,Ron Cavenall,1984,1988,,7,1,230,1610612752,40,Texas Southern,USA
76373,Al Cervi,1949,1952,,5,11,170,1610612755,15,East HS (NY),USA
76374,Bill Chamberlain,1973,1973,1972,6,6,188,1610612756,24,North Carolina,USA
76375,Wilt Chamberlain,1959,1972,1959,7,1,250,1610612744,13,Kansas,USA
76376,Jerry Chambers,1966,1971,1966,6,5,185,1610612756,40,Utah,USA
76378,Mike Champion,1988,1988,,6,10,230,1610612760,41,Gonzaga,USA
76379,Don Chaney,1968,1979,1968,6,5,210,1610612738,12,Houston,USA
76380,John Chaney,1949,1949,,6,3,185,1610610033,,Louisiana State,USA
76382,Len Chappell,1962,1970,1962,6,8,240,1610612752,25,Wake Forest,USA
76384,Lorenzo Charles,1985,1985,1985,6,7,225,1610612737,43,North Carolina State,USA
76385,Maurice Cheeks,1978,1992,1978,6,1,180,1610612755,10,West Texas A&M,USA
76387,Derrick Chievous,1988,1990,1988,6,7,195,1610612745,33,Missouri,USA
76391,Leroy Chollet,1949,1950,,6,2,190,1610612755,11,Canisius,USA
76392,Jim Chones,1974,1981,1973,6,11,220,1610612739,9,Marquette,USA
76393,Fred Christ,1954,1954,,6,4,210,1610612752,9,Fordham,USA
76394,Cal Christensen,1950,1954,1950,6,5,210,1610612758,18,Toledo,USA
76395,Bob Christian,1970,1973,1969,6,10,255,1610612737,31,Grambling,USA
76397,Archie Clark,1966,1975,1966,6,2,175,1610612755,11,Minnesota,USA
76402,Jim Cleamons,1971,1979,1971,6,3,185,1610612739,35,Ohio State,USA
76403,John Clemens,1965,1975,1965,6,6,210,1610612760,40,Ohio Wesleyan,USA
76404,Nat Clifton,1950,1957,,6,6,220,1610612752,24,Xavier of Louisiana,USA
76406,Bill Closs,1949,1951,,6,6,195,1610612744,14,Rice,USA
76407,Paul Cloyd,1949,1949,1947,6,2,180,1610610037,,Wisconsin,USA
76408,Marion Cluggish,1946,1946,,6,10,235,1610612752,3,Kentucky,USA
76409,Ben Clyde,1974,1974,1974,6,7,198,1610612738,33,Florida State,USA
76410,Richard Coffey,1990,1990,,6,6,212,1610612750,33,Minnesota,USA
76411,Fred Cofield,1985,1986,1985,6,3,190,1610612752,11,Eastern Michigan,USA
76412,Ben Coleman,1986,1993,1984,6,9,235,1610612755,51,Maryland,USA
76413,E.C. Coleman,1973,1978,1973,6,8,225,1610612762,12,Houston Baptist,USA
76414,Jack Coleman,1949,1957,1949,6,7,195,1610612758,11,Louisville,USA
76415,Norris Coleman,1987,1987,1987,6,8,210,1610612746,45,Kansas State,USA
76416,Art Collins,1980,1980,1976,6,4,185,1610612737,44,St. Thomas (FL),USA
76418,Don Collins,1980,1986,1980,6,6,190,1610612764,12,Washington State,USA
76419,Jimmy Collins,1970,1971,1970,6,2,175,1610612741,22,New Mexico State,USA
76421,Doug Collins,1973,1980,1973,6,6,180,1610612755,20,Illinois State,USA
76422,Joe Colone,1948,1948,,6,5,210,1610612752,18,Bloomsburg,USA
76426,Dallas Comegys,1987,1988,1987,6,9,205,1610612751,22,DePaul,USA
76427,Larry Comley,1963,1963,1961,6,5,210,1610612764,52,Kansas State,USA
76428,Gene Conley,1952,1963,1952,6,8,225,1610612738,5,Washington State,USA
76429,Ed Conlin,1955,1961,1955,6,6,200,1610612755,7,Fordham,USA
76431,Lester Conner,1982,1994,1982,6,4,180,1610612744,7,Oregon State,USA
76432,Chuck Connors,1946,1947,,6,5,190,1610612738,11,Seton Hall,USA
76435,Darwin Cook,1980,1988,1980,6,3,184,1610612751,1,Portland,USA
76436,Jeff Cook,1979,1987,1978,6,10,215,1610612756,45,Idaho State,USA
76437,Norm Cook,1976,1977,1976,6,8,210,1610612738,30-52,Kansas,USA
76438,Bobby Cook,1949,1949,1948,5,10,155,1610610033,,Wisconsin,USA
76439,David Cooke,1985,1985,,6,8,230,1610612758,14,St. Mary's (CA),USA
76440,Joe Cooke,1970,1970,1970,6,3,175,1610612739,10,Indiana,USA
76441,Wayne Cooper,1978,1991,1978,6,10,220,1610612743,42,New Orleans,USA
76442,Chuck Cooper,1950,1955,1950,6,5,210,1610612738,6,Duquesne,USA
76443,Joe Cooper,1981,1984,1981,6,10,230,1610612746,53,Colorado,USA
76444,Michael Cooper,1978,1989,1978,6,7,170,1610612747,21,New Mexico,USA
76446,Tom Copa,1991,1991,,6,10,275,1610612759,30,Marquette,USA
76447,Hollis Copeland,1979,1981,1978,6,6,180,1610612752,45,Rutgers,USA
76448,Lanard Copeland,1989,1991,,6,6,190,1610612755,21,Georgia State,USA
76450,Chris Corchiani,1991,1993,1991,6,0,185,1610612753,12,North Carolina State,USA
76451,Ken Corley,1946,1946,,,,,1610610026,,Central Oklahoma,USA
76452,Ray Corley,1949,1952,1949,6,0,180,1610612755,4,Georgetown,USA
76453,Dave Corzine,1978,1990,1978,6,11,250,1610612741,42,DePaul,USA
76454,Larry Costello,1954,1967,1954,6,1,186,1610612755,21,Niagara,USA
76456,Jack Cotton,1949,1949,,6,7,200,1610610027,,Wyoming,USA
76457,John Coughran,1979,1979,1973,6,7,225,1610612744,41,California,USA
76458,Mel Counts,1964,1975,1964,7,0,230,1610612747,31,Oregon State,USA
76459,Steve Courtin,1964,1964,1964,6,1,188,1610612755,5,St. Joseph's (PA),USA
76462,Dave Cowens,1970,1982,1970,6,9,230,1610612738,18,Florida State,USA
76463,John Cox,1982,1982,1978,6,2,180,1610612764,32,San Francisco,USA
76464,Johnny Cox,1962,1962,1959,6,4,180,1610612764,25,Kentucky,USA
76465,Wesley Cox,1977,1978,1977,6,6,215,1610612744,41,Louisville,USA
76466,Freddie Crawford,1966,1970,1964,6,4,189,1610612747,15,St. Bonaventure,USA
76468,Jim Creighton,1975,1975,1972,6,8,200,1610612737,24,Colorado,USA
76469,Ron Crevier,1985,1985,1983,7,0,235,1610612765,42,Boston College,USA
76470,Hal Crisler,1946,1946,,6,3,215,1610612738,15,Iowa State,USA
76471,Charlie Criss,1977,1984,,5,8,165,1610612737,14,New Mexico State,USA
76472,Winston Crite,1987,1988,1987,6,7,233,1610612756,12,Texas A&M,USA
76473,Dillard Crocker,1948,1952,,6,4,205,1610612737,7,Western Michigan,USA
76474,Jeffrey Crompton,1978,1983,1978,6,11,280,1610612749,41,North Carolina,USA
76475,Terry Crosby,1979,1979,1979,6,4,195,1610612758,12,Tennessee,USA
76476,Jeff Cross,1985,1985,1984,6,10,240,1610612746,38,Maine,USA
76477,Pete Cross,1970,1972,1970,6,9,230,1610612760,41,San Francisco,USA
76478,Russell Cross,1983,1983,1983,6,10,215,1610612744,40,Purdue,USA
76479,Francis Crossin,1947,1949,1947,6,1,165,1610612744,4,Pennsylvania,USA
76481,Mark Crow,1977,1977,1977,6,7,210,1610612751,31,Duke,USA
76482,Corey Crowder,1991,1994,,6,5,214,1610612762,23,Kentucky Wesleyan,USA
76483,Pat Cummings,1979,1990,1978,6,9,230,1610612749,50,Cincinnati,USA
76485,Dick Cunningham,1968,1974,1968,6,10,245,1610612749,19,Murray State,USA
76487,Billy Cunningham,1965,1975,1965,6,6,210,1610612755,32,North Carolina,USA
76488,Radisav Curcic,1992,1992,,6,10,275,1610612742,44,Union Olimpija,Serbia
76489,Armand Cure,1946,1946,,6,0,198,1610610032,,Rhode Island,USA
76492,Fran Curran,1948,1949,,6,0,175,1610612758,15,Notre Dame,USA
76496,Ed Dahler,1951,1951,1950,6,5,190,1610612744,16,Duquesne,USA
76497,Quintin Dailey,1982,1991,1982,6,3,180,1610612741,20,San Francisco,USA
76498,Howie Dallmar,1946,1948,,6,4,200,1610612744,12,Stanford,USA
76500,Bob Dandridge,1969,1981,1969,6,6,195,1610612749,10,Norfolk State,USA
76502,Mel Daniels,1976,1976,1967,6,9,220,1610612751,34,New Mexico,USA
76504,Adrian Dantley,1976,1990,1976,6,5,208,1610612762,4,Notre Dame,USA
76505,Mike D'Antoni,1973,1976,1973,6,3,185,1610612758,14,Marshall,USA
76506,Henry Darcey,1952,1952,,6,7,217,1610612737,10,Oklahoma State,USA
76507,Jimmy Darden,1949,1949,1947,6,1,170,1610610027,,Denver,USA
76509,Jesse Dark,1974,1974,1974,6,4,210,1610612752,11,Virginia Commonwealth,USA
76511,Jimmy Darrow,1961,1961,1960,5,10,170,1610612737,,Bowling Green,USA
76514,Bob Davies,1948,1954,,6,1,175,1610612758,11,Seton Hall,USA
76515,Aubrey Davis,1946,1946,,6,2,175,1610610034,,Oklahoma Baptist,USA
76516,Brad Davis,1977,1991,1977,6,3,180,1610612742,15,Maryland,USA
76517,Brian Davis,1993,1993,1992,6,7,200,1610612750,23,Duke,USA
76518,Charlie Davis,1981,1989,1981,6,7,215,1610612764,22,Vanderbilt,USA
76519,Charlie Davis,1971,1973,1971,6,1,160,1610612757,,Wake Forest,USA
76520,Monti Davis,1980,1980,1980,6,7,205,1610612742,43,Tennessee State,USA
76521,Double D Davis,1972,1976,1972,6,8,220,1610612739,42,Houston,USA
76522,Edward Davis,1972,1976,1972,6,7,195,1610612749,20,Duquesne,USA
76523,Harry Davis,1978,1979,1978,6,7,220,1610612739,23,Florida State,USA
76524,James Davis,1955,1955,1954,6,7,220,1610612758,6,St. John's (NY),USA
76525,Jim Davis,1967,1974,1964,6,9,225,1610612737,20,Colorado,USA
76526,Johnny Davis,1976,1985,1976,6,2,170,1610612754,16,Dayton,USA
76528,Mark Davis,1988,1988,1985,6,6,195,1610612749,,Old Dominion,USA
76529,Mel Davis,1973,1976,1973,6,6,220,1610612752,31,St. John's (NY),USA
76530,Michael Davis,1982,1982,,6,10,230,1610612752,,Maryland,USA
76531,Mike Davis,1969,1972,1969,6,3,185,1610612746,32,Virginia Union,USA
76532,Ralph Davis,1960,1961,1960,6,4,180,1610612764,25,Cincinnati,USA
76533,Bob Davis,1972,1972,1972,6,7,215,1610612757,11,Weber State,USA
76534,Ron Davis,1976,1981,1976,6,6,198,1610612746,42,Washington State,USA
76536,Walt Davis,1953,1957,1952,6,8,205,1610612744,12,Texas A&M,USA
76538,Bill Davis,1946,1946,1968,6,3,215,1610610025,,Notre Dame,USA
76539,Darryl Dawkins,1975,1988,1975,6,11,251,1610612755,50,Maynard Evans HS (FL),USA
76543,Darren Daye,1983,1987,1983,6,8,220,1610612764,20,UCLA,USA
76544,Greg Deane,1979,1979,1979,6,4,190,1610612762,33,Utah,USA
76545,Dave DeBusschere,1962,1973,1962,6,6,220,1610612765,22,Detroit,USA
76546,Archie Dees,1958,1961,1958,6,8,205,1610612765,44,Indiana,USA
76551,Nate DeLong,1951,1951,1950,6,6,220,1610612737,21,Wisconsin-River Falls,USA
76553,Larry Demic,1979,1981,1979,6,9,225,1610612752,42,Arizona,USA
76555,George Dempsey,1954,1958,1951,6,3,190,1610612744,3,King's,USA
76556,Kenny Dennard,1981,1983,1981,6,8,220,1610612758,33,Duke,USA
76557,Blaine Denning,1952,1952,1952,6,2,175,1610610024,,Lawrence Tech,USA
76558,Randy Denton,1976,1976,1971,6,10,240,1610612737,34,Duke,USA
76559,Rod Derline,1974,1975,1974,6,0,175,1610612760,25,Seattle,USA
76560,Dave Deutsch,1966,1966,1966,6,1,170,1610612752,3,Rochester,USA
76561,Walter Devlin,1955,1957,1955,6,5,195,1610612765,13,George Washington,USA
76562,Hank DeZonie,1950,1950,,6,5,215,1610612737,10,Clark Atlanta,USA
76563,Henry Dickerson,1975,1976,,6,4,190,1610612765,13,University of Charleston,USA
76564,Derrek Dickey,1973,1977,1973,6,7,218,1610612744,40,Cincinnati,USA
76565,Dick Dickey,1951,1951,1950,6,1,175,1610612738,23,North Carolina State,USA
76568,Ernie DiGregorio,1973,1977,1973,6,0,180,1610612746,7,Providence,USA
76569,Mickey Dillard,1981,1981,1981,6,3,170,1610612739,9,Florida State,USA
76570,Bob Dille,1946,1946,,6,3,190,1610610028,,Valparaiso,USA
76571,John Dillon,1949,1949,1948,6,3,180,1610610036,,North Carolina,USA
76574,Byron Dinkins,1989,1990,,6,1,170,1610612745,5,North Carolina-Charlotte,USA
76575,Jackie Dinkins,1971,1971,1971,6,5,210,1610612741,23,Voorhees,USA
76576,Bill Dinwiddie,1967,1971,,6,7,220,1610612758,20,New Mexico Highlands,USA
76577,Terry Dischinger,1962,1972,1962,6,7,189,1610612765,42,Purdue,USA
76580,Earl Dodd,1949,1949,1949,6,5,175,1610610027,,Truman State,USA
76581,Joe Dolhon,1949,1950,,6,0,175,1610610024,,New York University,USA
76582,Bob Doll,1946,1949,,6,4,195,1610610034,19,Colorado,USA
76583,James Donaldson,1980,1994,1979,7,2,275,1610612742,54,Washington State,USA
76584,Bob Donham,1950,1953,1950,6,2,190,1610612738,12,Ohio State,USA
76585,Harry Donovan,1949,1949,1949,6,2,180,1610612752,16,Muhlenberg,USA
76587,Jacky Dorsey,1977,1980,1976,6,7,230,1610612760,34,Georgia,USA
76588,Bruce Douglas,1986,1986,1986,6,3,195,1610612758,42,Illinois,USA
76589,John Douglas,1981,1982,1978,6,2,170,1610612746,13,Kansas,USA
76592,Lloyd Dove,1967,1968,1967,6,8,198,1610612765,44,St. John's (NY),USA
76593,Bill Downey,1947,1947,,6,6,210,1610610032,,Marquette,USA
76594,Steve Downing,1973,1974,1973,6,8,225,1610612738,32,Indiana,USA
76595,Danny Doyle,1962,1962,1961,6,8,200,1610612765,14,Belmont Abbey,USA
76596,Terry Dozier,1989,1989,,6,9,210,1610612766,23,South Carolina,USA
76598,John Drew,1974,1984,1974,6,6,205,1610612737,22,Gardner-Webb,USA
76599,Larry Drew,1980,1990,1980,6,1,170,1610612758,10,Missouri,USA
76603,Terry Driscoll,1970,1974,1969,6,7,215,1610612749,7,Boston College,USA
76604,Ralph Drollinger,1980,1980,1978,7,2,250,1610612742,52,UCLA,USA
76605,Dick Duckett,1957,1957,1957,6,1,185,1610612758,10,St. John's (NY),USA
76607,Charles Dudley,1972,1978,1972,6,2,180,1610612744,5,Washington,USA
76608,Terry Duerod,1979,1982,1979,6,2,180,1610612765,40,Detroit,USA
76609,Bob Duffy,1946,1946,1962,6,4,175,1610610025,17,Tulane,USA
76610,Bob Duffy,1962,1964,1962,6,3,185,1610612765,,Colgate,USA
76611,Walter Dukes,1955,1962,1953,7,0,220,1610612765,23,Seton Hall,USA
76615,Andy Duncan,1948,1950,1947,6,6,195,1610612758,21,William & Mary,USA
76616,Mike Dunleavy,1976,1989,1976,6,3,180,1610612745,,South Carolina,USA
76619,John Duren,1980,1982,1980,6,3,195,1610612762,44,Georgetown,USA
76621,Devin Durrant,1984,1985,1984,6,7,200,1610612754,17,Brigham Young,USA
76622,Ken Durrett,1971,1974,1971,6,7,190,1610612758,33,La Salle,USA
76623,Dennis DuVal,1974,1975,1974,6,3,175,1610612764,21,Syracuse,USA
76625,Craig Dykema,1981,1981,1981,6,8,190,1610612756,35,Long Beach State,USA
76626,Gene Dyker,1953,1953,1953,6,6,225,1610612737,5,DePaul,USA
76628,Jim Eakins,1976,1977,1968,6,11,215,1610612758,24,Brigham Young,USA
76630,Ed Earle,1953,1953,,6,3,190,1610612755,6,Loyola-Chicago,USA
76632,Jerry Eaves,1982,1986,1982,6,4,180,1610612762,22,Louisville,USA
76633,Bill Ebben,1957,1957,1957,6,4,190,1610612765,6,Detroit,USA
76634,Al Eberhard,1974,1977,1974,6,6,225,1610612765,44,Missouri,USA
76635,Patrick Eddie,1991,1991,,6,11,240,1610612752,41,Mississippi,USA
76636,Thomas Eddleman,1949,1952,1949,6,2,189,1610612765,12,Illinois,USA
76637,Kent Edelin,1984,1984,1984,6,8,205,1610612754,,Virginia,USA
76641,Franklin Edwards,1981,1987,1981,6,1,170,1610612755,10,Cleveland State,USA
76643,Jay Edwards,1989,1989,1989,6,4,185,1610612746,3,Indiana,USA
76646,Bill Edwards,1993,1993,,6,8,215,1610612755,40,Wright State,USA
76648,Lonnie Eggleston,1948,1948,,6,0,170,1610610034,,Oklahoma State,USA
76649,Eddie Ehlers,1947,1948,1947,6,3,198,1610612738,14,Purdue,USA
76651,Dick Eichhorst,1961,1961,,6,3,200,1610612737,,Southeast Missouri,USA
76653,Don Eliason,1946,1946,,6,2,210,1610612738,14,Hamline,USA
76655,Ray Ellefson,1948,1950,,6,8,230,1610612752,,West Texas A&M,USA
76658,Alexander Ellis,1958,1959,1958,6,5,185,1610612747,30,Niagara,USA
76661,Joe Ellis,1966,1973,1966,6,6,175,1610612744,31,San Francisco,USA
76663,Leroy Ellis,1962,1975,1962,6,11,210,1610612747,25,St. John's (NY),USA
76667,Darrell Elston,1976,1976,1974,6,3,190,1610612754,15,North Carolina,USA
76668,Wayne Embry,1958,1968,1958,6,8,240,1610612758,15,Miami (Ohio),USA
76669,Ned Endress,1946,1946,,6,2,200,1610610026,,Akron,USA
76670,Chris Engler,1982,1987,1982,6,11,245,1610612744,50,Wyoming,USA
76671,Wayne Englestad,1988,1988,,6,8,245,1610612743,43,California-Irvine,USA
76672,A.J. English,1990,1991,1990,6,3,175,1610612764,14,Virginia Union,USA
76673,Alex English,1976,1990,1976,6,8,190,1610612743,2,South Carolina,USA
76674,Claude English,1970,1970,1970,6,4,185,1610612757,15,Rhode Island,USA
76675,Scott English,1972,1972,1972,6,6,205,1610612756,14,Texas-El Paso,USA
76676,Jojo English,1992,1994,,6,4,195,1610612741,3,South Carolina,USA
76677,Gene Englund,1949,1949,,6,4,205,1610612738,10,Wisconsin,USA
76679,Bo Erias,1957,1957,1954,6,3,220,1610612747,,Niagara,USA
76680,Keith Erickson,1965,1976,1965,6,5,195,1610612747,14,UCLA,USA
76681,Julius Erving,1976,1986,1972,6,7,200,1610612755,6,Massachusetts,USA
76682,Jack Eskridge,1948,1948,,6,5,200,1610610029,,Kansas,USA
76683,Vincenzo Esposito,1995,1995,,6,3,198,1610612761,4,Fortitudo Bologna,Italy
76685,Earl Evans,1979,1979,1978,6,8,202,1610612765,,UNLV,USA
76687,Bob Evans,1949,1949,1949,6,2,175,1610610030,,Butler,USA
76689,Johnny Ezersky,1947,1949,1947,,,,1610610024,,Rhode Island,USA
76690,Joe Fabel,1946,1946,,6,1,190,1610610031,,Pittsburgh,USA
76691,John Fairchild,1965,1965,1965,6,7,205,1610612747,33,Brigham Young,USA
76692,Phil Farbman,1948,1948,,6,1,185,1610612744,8,City College of New York,USA
76693,Dick Farley,1954,1958,1954,6,4,190,1610612755,22,Indiana,USA
76694,Mike Farmer,1958,1965,1958,6,7,210,1610612737,12,San Francisco,USA
76695,Jim Farmer,1987,1993,1987,6,4,190,1610612760,22,Alabama,USA
76697,Dave Fedor,1962,1962,1962,6,6,190,1610612744,17,Florida State,USA
76699,Butch Feher,1976,1976,1976,6,4,185,1610612756,7,Vanderbilt,USA
76701,Ron Feiereisel,1955,1955,1953,6,3,185,1610612747,22,DePaul,USA
76703,Dave Feitl,1986,1991,1986,6,11,235,1610612745,45,Texas-El Paso,USA
76704,Ray Felix,1953,1961,1953,6,11,220,1610612752,14,Long Island-Brooklyn,USA
76705,Jake Fendley,1951,1952,1951,6,0,180,1610612765,6,Northwestern,USA
76706,Bill Fenley,1946,1946,,6,3,190,1610612738,7,Manhattan,USA
76707,Eric Fernsten,1975,1983,1975,6,10,205,1610612738,45,San Francisco,USA
76708,Al Ferrari,1955,1962,1955,6,4,190,1610612737,22,Michigan State,USA
76709,Rolando Ferreira,1988,1988,1988,7,1,240,1610612757,32,Houston,USA
76711,Arnie Ferrin,1948,1950,1948,6,4,180,1610612747,18,Utah,USA
76712,Bob Ferry,1959,1968,1959,6,8,230,1610612765,12,St. Louis,USA
76713,Kenny Fields,1984,1987,1984,6,5,220,1610612749,54,UCLA,USA
76714,Ron Filipek,1967,1967,1967,6,5,205,1610612755,20,Tennessee Tech,USA
76715,Greg Fillmore,1970,1971,1970,7,1,240,1610612752,34,Cheyney,USA
76716,Hank Finkel,1966,1974,1966,7,0,240,1610612738,29,Dayton,USA
76717,Danny Finn,1952,1954,,6,1,185,1610612744,7,St. John's (NY),USA
76719,Dick Fitzgerald,1946,1947,,6,2,175,1610610035,,Seton Hall,USA
76721,Jerry Fleishman,1946,1952,,6,2,190,1610612744,4,New York University,USA
76722,Al Fleming,1977,1977,1976,6,7,215,1610612760,30,Arizona,USA
76723,Ed Fleming,1955,1959,1955,6,3,189,1610612747,50,Niagara,USA
76725,Bruce Flowers,1982,1982,1979,6,8,225,1610612739,23,Notre Dame,USA
76726,Sleepy Floyd,1982,1994,1982,6,3,170,1610612745,12,Georgetown,USA
76728,Larry Fogle,1975,1975,1975,6,5,205,1610612752,44,Canisius,USA
76729,Jack Foley,1962,1962,1962,6,3,170,1610612752,7,Holy Cross,USA
76733,Chris Ford,1972,1981,1972,6,5,190,1610612765,42,Villanova,USA
76734,Don Ford,1975,1981,1975,6,9,215,1610612747,35,California-Santa Barbara,USA
76735,Jake Ford,1970,1971,1970,6,3,180,1610612760,33,Maryland-Eastern Shore,USA
76736,Phil Ford,1978,1984,1978,6,2,175,1610612758,1,North Carolina,USA
76738,Donnie Forman,1948,1948,,5,10,175,1610612747,22,New York University,USA
76739,Bayard Forrest,1977,1978,1976,6,10,235,1610612756,35,Grand Canyon,USA
76742,Rod Foster,1983,1985,1983,6,1,160,1610612756,10,UCLA,USA
76744,Larry Foust,1950,1961,1950,6,9,215,1610612765,14,La Salle,USA
76745,Jerry Fowler,1951,1951,,6,7,230,1610612737,,Missouri,USA
76746,Harold Fox,1972,1972,1972,6,2,175,1610612746,7,Jacksonville,USA
76747,Jim Fox,1967,1976,1965,6,10,230,1610612760,40,South Carolina,USA
76748,Tellis Frank,1987,1993,1987,6,10,225,1610612744,32,Western Kentucky,USA
76749,Nat Frankel,1946,1946,,6,0,195,1610610031,,Brooklyn,USA
76750,Walt Frazier,1967,1979,1967,6,4,200,1610612752,10,Southern Illinois,USA
76751,Will Frazier,1965,1965,1965,6,7,210,1610612744,,Grambling,USA
76752,Anthony Frederick,1988,1991,1986,6,7,205,1610612766,24,Pepperdine,USA
76753,World Free,1975,1987,1975,6,3,185,1610612739,21,Guilford,USA
76754,Donnie Freeman,1975,1975,1966,6,3,185,1610612747,20,Illinois,USA
76755,Gary Freeman,1970,1970,1970,6,9,210,1610612749,23,Oregon State,USA
76756,Rod Freeman,1973,1973,1973,6,7,225,1610612755,26,Vanderbilt,USA
76757,Frido Frey,1946,1946,,6,2,195,1610612752,4,Long Island-Brooklyn,USA
76758,Larry Friend,1957,1957,1957,6,4,185,1610612752,7,California,USA
76759,Pat Frink,1968,1968,1968,6,4,195,1610612758,17,Colorado,USA
76760,Jim Fritsche,1953,1954,1953,6,8,210,1610610024,8,Hamline,USA
76761,Bernie Fryer,1973,1974,1972,6,3,185,1610612757,25,Brigham Young,USA
76762,Frank Fucarino,1946,1946,,6,2,175,1610610035,,Long Island-Brooklyn,USA
76763,Herm Fuetsch,1947,1947,,6,0,170,1610610024,,Polytechnic HS (CA),USA
76764,Joe Fulks,1946,1953,,6,5,190,1610612744,10,Murray State,USA
76765,Tony Fuller,1980,1980,1980,6,4,180,1610612765,,Pepperdine,USA
76767,Terry Furlow,1976,1979,1976,6,5,190,1610612739,25,Michigan State,USA
76768,Billy Gabor,1949,1954,1948,5,11,170,1610612755,7,Syracuse,USA
76769,Elmer R. Gainer,1947,1949,1947,,,,1610610037,,DePaul,USA
76770,Corey Gaines,1988,1994,1988,6,3,195,1610612751,5,Loyola-Marymount,USA
76771,Mike Gale,1976,1981,1971,6,4,185,1610612759,12,Elizabeth City State,USA
76772,Chad Gallagher,1993,1993,1991,6,10,255,1610612762,55,Creighton,USA
76773,Harry Gallatin,1948,1957,1948,6,6,210,1610612752,10,Truman State,USA
76774,Dave Gambee,1958,1969,1958,6,6,215,1610612755,20,Oregon State,USA
76776,Bob Gantt,1946,1946,,6,4,205,1610610036,,Duke,USA
76778,Earl Gardner,1948,1948,1948,6,3,195,1610612747,14,DePauw,USA
76779,Vern Gardner,1949,1951,1949,6,5,200,1610612744,12,Utah,USA
76780,Jack Garfinkel,1946,1948,,6,0,190,1610612738,21,St. John's (NY),USA
76781,Gary Garland,1979,1979,1979,6,4,180,1610612743,24,DePaul,USA
76783,Dick Garmaker,1955,1960,1955,6,3,200,1610612747,17,Minnesota,USA
76785,Bill Garnett,1982,1985,1982,6,9,225,1610612742,20,Wyoming,USA
76786,Calvin Garrett,1980,1983,1979,6,7,190,1610612745,0,Oral Roberts,USA
76788,Eldo Garrett,1969,1973,1969,6,3,185,1610612746,14,Southern Illinois,USA
76789,Rowland Garrett,1972,1976,1972,6,6,210,1610612741,24,Florida State,USA
76790,Tom Garrick,1988,1991,1988,6,2,185,1610612746,5,Rhode Island,USA
76791,John Garris,1983,1983,1983,6,8,205,1610612739,55,Boston College,USA
76793,Jim Garvin,1973,1973,1973,6,7,200,1610612746,30,Boston University,USA
76797,Ed Gayda,1950,1950,1950,6,4,210,1610612737,10,Washington State,USA
76800,Jack George,1953,1960,1953,6,3,190,1610612744,5,La Salle,USA
76802,Gus Gerard,1976,1980,1975,6,8,200,1610612758,22,Virginia,USA
76803,Derrick Gervin,1989,1990,1985,6,8,200,1610612751,30,Texas-San Antonio,USA
76804,George Gervin,1976,1985,1974,6,7,180,1610612759,44,Eastern Michigan,USA
76805,Gorham Getchell,1946,1946,,6,4,205,1610610031,,Temple,USA
76806,John Gianelli,1972,1979,1972,6,10,220,1610612752,40,Pacific,USA
76807,Dick Gibbs,1971,1975,1971,6,5,210,1610612746,21,Texas-El Paso,USA
76808,Dee Gibson,1949,1949,1948,5,11,175,1610612737,18,Western Kentucky,USA
76810,Mike Gibson,1983,1985,1982,6,10,205,1610612765,35,South Carolina Upstate,USA
76811,Ward Gibson,1949,1949,,6,5,198,1610610037,,Creighton,USA
76812,Ben Gillery,1988,1988,,7,0,235,1610612758,50,Georgetown,USA
76813,Gene Gillette,1946,1946,,,,,1610610036,,St. Mary's (CA),USA
76815,Herm Gilliam,1969,1976,1969,6,3,190,1610612737,3,Purdue,USA
76817,Walt Gilmore,1970,1970,1970,6,6,225,1610612757,48,Fort Valley State,USA
76818,Chuck Gilmur,1946,1950,,6,4,225,1610610025,,Washington,USA
76820,George Glamack,1948,1948,,6,6,225,1610610029,,North Carolina,USA
76821,Gerald Glass,1990,1995,1990,6,5,221,0,,Mississippi,USA
76822,Mike Glenn,1977,1986,1977,6,2,175,1610612737,10,Southern Illinois,USA
76823,Norman Glick,1949,1949,,6,6,190,1610612747,20,Loyola-Marymount,USA
76824,Georgi Glouchkov,1985,1985,1985,6,8,235,1610612756,16,Akademik Varna,Bulgaria
76825,Clarence Glover,1971,1971,1971,6,8,210,1610612738,28,Western Kentucky,USA
76826,Mike Gminski,1980,1993,1980,6,11,250,1610612751,43,Duke,USA
76827,Dan Godfread,1990,1991,,6,10,250,1610612750,35,Evansville,USA
76828,Tom Gola,1955,1965,1955,6,6,205,1610612744,6,La Salle,USA
76830,Glen Gondrezick,1977,1982,1977,6,6,218,1610612743,22,UNLV,USA
76831,Grant Gondrezick,1986,1988,1986,6,5,205,1610612756,3,Pepperdine,USA
76832,Gail Goodrich,1965,1978,1965,6,1,170,1610612747,25,UCLA,USA
76833,Wilfred Goodwin,1946,1947,,6,2,203,1610610032,,St John's Prep HS (NY),USA
76834,Lancaster Gordon,1984,1987,1984,6,3,185,1610612746,4,Louisville,USA
76836,Leo Gottlieb,1946,1947,,5,11,180,1610612752,9,DeWitt Clinton HS (NY),USA
76837,Bato Govedarica,1953,1953,1951,5,11,185,1610612755,14,DePaul,USA
76838,Joe Graboski,1948,1961,,6,8,195,1610612744,23,Tuley HS (IL),USA
76841,Orlando Graham,1988,1988,1988,6,8,220,1610612744,44,Auburn-Montgomery,USA
76842,Paul Graham,1991,1993,,6,6,200,1610612737,25,Ohio,USA
76843,Mal Graham,1967,1968,1967,6,1,185,1610612738,11,New York University,USA
76844,Jim Grandholm,1990,1990,1984,7,0,235,1610612742,50,South Florida,USA
76847,Stewart Granger,1983,1986,1983,6,3,190,1610612739,11,Villanova,USA
76850,Bud Grant,1949,1950,1950,6,3,195,1610612747,20,Minnesota,USA
76853,Travis Grant,1972,1973,1972,6,7,215,1610612747,33,Kentucky State,USA
76854,Don Grate,1949,1949,,6,2,185,1610610033,,Ohio State,USA
76855,Butch Graves,1984,1984,1984,6,3,200,1610612739,10,Yale,USA
76859,Gary Gray,1967,1967,1967,6,1,185,1610612758,15,Oklahoma City,USA
76860,Leonard Gray,1974,1976,1974,6,8,240,1610612760,11,Long Beach State,USA
76861,Stuart Gray,1984,1990,1984,7,0,235,1610612754,40,UCLA,USA
76862,Sylvester Gray,1988,1988,1988,6,6,230,1610612748,40,Memphis,USA
76863,Wyndol Gray,1946,1947,,6,1,175,1610612738,,Harvard,USA
76865,Bob Greacen,1969,1970,1969,6,7,206,1610612749,18,Rutgers,USA
76868,Ken Green,1985,1985,1981,6,8,215,1610612752,3,Texas-Pan American,USA
76869,Kenny Green,1985,1986,1985,6,6,210,1610612755,21,Wake Forest,USA
76872,Luther Green,1972,1972,1969,6,7,190,1610612755,25,Long Island-Brooklyn,USA
76873,Mike Green,1976,1979,1973,6,10,200,1610612759,23,Louisiana Tech,USA
76874,Rickey Green,1977,1991,1977,6,0,170,1610612762,13,Michigan,USA
76875,Sean Green,1991,1993,1991,6,5,210,1610612754,30,Iona,USA
76876,Sidney Green,1983,1992,1983,6,9,220,1610612741,21,UNLV,USA
76877,Si Green,1956,1965,1956,6,2,185,1610612764,28,Duquesne,USA
76878,Steve Green,1976,1978,1975,6,7,220,1610612754,24,Indiana,USA
76879,Tommy Green,1978,1978,1978,6,2,185,1610612762,14,Southern,USA
76880,Jerry Greenspan,1963,1964,1963,6,5,195,1610612755,22,Maryland,USA
76881,David Greenwood,1979,1990,1979,6,9,222,1610612741,33,UCLA,USA
76884,Claude Gregory,1985,1987,1981,6,8,205,1610612746,43,Wisconsin,USA
76885,John Greig,1982,1982,1982,6,7,215,1610612760,22,Oregon,USA
76886,Norm Grekin,1953,1953,1953,6,5,180,1610612744,,La Salle,USA
76888,Greg Griffin,1977,1977,1977,6,7,190,1610612756,25,Idaho State,USA
76889,Paul Griffin,1976,1982,1976,6,9,205,1610612759,30,Western Michigan,USA
76890,Darrell Griffith,1980,1990,1980,6,4,190,1610612762,35,Louisville,USA
76891,Chuck Grigsby,1954,1954,1952,6,5,190,1610612752,17,Dayton,USA
76893,George Grimshaw,1946,1946,,6,1,185,1610610032,,Brown,USA
76894,Dick Groat,1952,1952,1952,5,11,180,1610612765,5,Duke,USA
76895,Bob Gross,1975,1982,1975,6,6,200,1610612757,30,Long Beach State,USA
76896,Jerry Grote,1964,1964,1962,6,4,215,1610612747,32,Loyola-Marymount,USA
76899,Ernie Grunfeld,1977,1985,1977,6,6,210,1610612752,18,Tennessee,USA
76900,Gene Guarilia,1959,1962,1959,6,5,220,1610612738,20,George Washington,USA
76901,Petur Gudmundsson,1981,1988,1981,7,2,260,1610612759,35,Washington,USA
76902,Richie Guerin,1956,1969,1954,6,4,195,1610612752,19,Iona,USA
76903,Andres Guibert,1993,1994,,6,10,225,1610612750,51,Cantera Instituto,Cuba
76904,Jay Guidinger,1992,1993,,6,10,255,1610612739,54,Minnesota-Duluth,USA
76905,Coulby Gunther,1946,1948,,6,4,190,1610610031,,Boston College,USA
76906,Dave Gunther,1962,1962,1959,6,7,190,1610612744,11,Iowa,USA
76907,Al Guokas,1949,1949,,6,5,200,1610610027,,St. Joseph's (PA),USA
76908,Matt Guokas,1966,1975,1966,6,6,175,1610612755,10,St. Joseph's (PA),USA
76910,Rudy Hackett,1976,1976,1975,6,9,210,1610612754,45,Syracuse,USA
76911,Scott Haffner,1989,1990,1989,6,3,180,1610612748,4,Evansville,USA
76912,Cliff Hagan,1956,1965,1953,6,4,210,1610612737,16,Kentucky,USA
76913,Glenn Hagan,1981,1981,1978,6,0,170,1610612765,10,St. Bonaventure,USA
76914,Bob Hahn,1949,1949,,6,10,240,1610610025,,North Carolina State,USA
76915,Al Hairston,1968,1969,1968,6,1,170,1610612760,25,Bowling Green,USA
76916,Happy Hairston,1964,1974,1964,6,7,225,1610612747,52,New York University,USA
76918,Chuck Halbert,1946,1950,,6,9,225,1610610024,,West Texas A&M,USA
76919,Harvey Halbrook,1960,1961,1956,7,3,235,1610612755,11,Oregon State,USA
76920,Bruce Hale,1948,1950,,6,1,170,1610610030,,Santa Clara,USA
76922,Shaler Halimon,1968,1971,1968,6,5,199,1610612757,11,Utah State,USA
76923,Jeff Halliburton,1971,1972,1971,6,5,193,1610612737,42,Drake,USA
76925,Dale Hamilton,1949,1949,,6,0,180,1610610037,,Franklin,USA
76926,Dennis Hamilton,1967,1968,,6,8,210,1610612747,12,Arizona State,USA
76927,Ralph Hamilton,1948,1948,,6,1,188,1610610029,,Indiana,USA
76929,Steve Hamilton,1958,1959,1958,6,6,190,1610612747,30,Morehead State,USA
76935,Cecil Hankins,1946,1947,,6,1,175,1610610034,5,Oklahoma State,USA
76936,Phil Hankinson,1973,1974,1973,6,8,195,1610612738,20,Pennsylvania,USA
76937,Alex Hannum,1949,1956,1948,6,7,210,1610612758,33,Southern California,USA
76938,Don Hanrahan,1952,1952,,6,7,200,1610610030,,Loyola-Chicago,USA
76939,Rollen Hans,1953,1954,,6,2,210,1610610024,,Long Island-Brooklyn,USA
76940,Glenn Hansen,1975,1977,1975,6,4,205,1610612758,20,Louisiana State,USA
76941,Lars Hansen,1978,1978,1977,6,10,225,1610612760,22,Washington,USA
76942,Bob Hansen,1983,1991,1983,6,6,190,1610612762,20,Iowa,USA
76944,Bill Hanzlik,1980,1989,1980,6,7,185,1610612743,24,Notre Dame,USA
76945,Reggie Harding,1963,1967,1963,7,0,249,1610612765,17,Eastern HS (MI),USA
76946,Charlie Hardnett,1962,1964,1962,6,8,225,1610612764,23,Grambling,USA
76947,Alan Hardy,1980,1981,,6,6,195,1610612765,24,Michigan,USA
76948,James Hardy,1978,1981,1978,6,8,220,1610612762,11,San Francisco,USA
76949,John Hargis,1949,1950,,6,2,180,1610610023,9,Texas-Austin,USA
76950,Jerry Harkness,1963,1963,1963,6,2,175,1610612752,21,Loyola-Chicago,USA
76951,Skip Harlicka,1968,1968,1968,6,1,185,1610612737,21,South Carolina,USA
76952,Jerome Harmon,1994,1994,,6,4,190,1610612755,40,Louisville,USA
76954,Mike Harper,1980,1981,1980,6,10,195,1610612757,32,North Park,USA
76956,Art Harris,1968,1971,1968,6,4,185,1610612756,23,Stanford,USA
76957,Bernie Harris,1974,1974,1974,6,10,200,1610612746,34,Virginia Commonwealth,USA
76958,Chris Harris,1955,1955,,6,3,190,1610612758,3,Dayton,USA
76959,Bob Harris,1949,1953,1949,6,7,195,1610612738,13,Oklahoma State,USA
76960,Steve Harris,1985,1989,1985,6,5,195,1610612745,20,Tulsa,USA
76961,Tony Harris,1990,1994,,6,3,190,1610612738,43,New Orleans,USA
76962,Bob Harrison,1949,1957,1949,6,1,190,1610612747,3,Michigan,USA
76965,Clem Haskins,1967,1975,1967,6,3,195,1610612756,14,Western Kentucky,USA
76966,Joey Hassett,1977,1982,1977,6,5,180,1610612760,10,Providence,USA
76967,Billy Hassett,1949,1950,,5,10,180,1610612747,,Notre Dame,USA
76968,Scott Hastings,1982,1992,1982,6,10,235,1610612737,10,Arkansas,USA
76969,Vern Hatton,1958,1961,1958,6,3,195,1610612744,17,Kentucky,USA
76970,John Havlicek,1962,1977,1962,6,5,203,1610612738,17,Ohio State,USA
76971,Steve Hawes,1974,1983,1972,6,9,220,1610612737,10,Washington,USA
76972,Connie Hawkins,1969,1975,,6,8,210,1610612756,42,Iowa,USA
76974,Marshall Hawkins,1949,1949,1948,6,3,205,1610610030,,Tennessee,USA
76975,Robert Hawkins,1975,1978,1975,6,4,190,1610612751,11,Illinois State,USA
76977,Tom Hawkins,1959,1968,1959,6,5,210,1610612747,33,Notre Dame,USA
76978,Nate Hawthorne,1973,1975,1973,6,4,190,1610612756,32,Southern Illinois,USA
76979,Elvin Hayes,1968,1983,1968,6,9,235,1610612764,11,Houston,USA
76980,Steve Hayes,1981,1985,1977,7,0,205,1610612739,50,Idaho State,USA
76981,Spencer Haywood,1970,1982,1971,6,8,225,1610612760,24,Detroit,USA
76982,John W. Hazen,1948,1948,,6,2,172,1610612738,3-10,Indiana State,USA
76983,Walt Hazzard,1964,1973,1964,6,2,185,1610612737,42,UCLA,USA
76984,Brian Heaney,1969,1969,1969,6,2,180,1610612764,11,Acadia (CAN),USA
76985,Garfield Heard,1970,1980,1970,6,6,219,1610612756,24,Oklahoma,USA
76987,Alvin Heggs,1995,1995,,6,8,225,1610612745,55,Texas-Austin,USA
76988,Tom Heinsohn,1956,1964,1956,6,7,218,1610612738,15,Holy Cross,USA
76989,Dick Hemric,1955,1956,1955,6,6,220,1610612738,20,Wake Forest,USA
76990,Cedric Henderson,1986,1986,1986,6,8,210,1610612737,,Georgia,USA
76991,Dave Henderson,1987,1987,1986,6,5,195,1610612755,3,Duke,USA
76992,Jerome Henderson,1985,1986,,6,11,230,1610612749,40,New Mexico,USA
76993,Gerald Henderson,1979,1991,1978,6,2,175,1610612738,12,Virginia Commonwealth,USA
76994,Kevin Henderson,1986,1987,1986,6,4,195,1610612744,12,California State-Fullerton,USA
76996,Tom Henderson,1974,1982,1974,6,3,190,1610612745,6,Hawaii,USA
76998,Larry Hennessy,1955,1955,1953,6,3,185,1610612744,4,Villanova,USA
76999,Don Henriksen,1952,1954,,6,7,225,1610612758,12,California,USA
77000,Al Henry,1970,1971,1970,6,9,190,1610612755,26,Wisconsin,USA
77001,Carl Henry,1985,1985,1984,6,6,205,1610612758,11,Kansas,USA
77002,Conner Henry,1986,1987,1986,6,7,195,1610612738,,California-Santa Barbara,USA
77003,Skeeter Henry,1993,1993,,6,7,190,1610612756,4,Oklahoma,USA
77004,Bill Henry,1948,1949,,6,9,215,1610612765,16,Rice,USA
77006,Bill Herman,1949,1949,,6,3,170,1610610027,,Mount Union,USA
77007,Clarence Hermsen,1946,1952,,6,9,225,1610612738,,Minnesota,USA
77010,Keith Herron,1978,1981,1978,6,6,195,1610612765,15,Villanova,USA
77011,Sidney Hertzberg,1946,1950,,5,10,175,1610612738,4,City College of New York,USA
77012,Fred Hetzel,1965,1970,1965,6,8,220,1610612744,30,Davidson,USA
77014,Jack Hewson,1947,1947,1947,6,6,195,1610612738,17,Temple,USA
77015,Art Heyman,1963,1965,1963,6,5,205,1610612752,35,Duke,USA
77016,Matthew Hickey,1947,1947,,5,11,180,1610610032,,Hoboken HS (NJ),USA
77017,Phil Hicks,1976,1978,1976,6,7,205,1610612741,55,Tulane,USA
77019,Rod Higgins,1982,1994,1982,6,7,200,1610612744,32,Fresno State,USA
77021,Kenny Higgs,1978,1981,,6,0,180,1610612743,1,Louisiana State,USA
77022,Johnny High,1979,1983,1979,6,3,185,1610612756,11,Nevada-Reno,USA
77023,Wayne Hightower,1962,1966,1962,6,8,192,1610612744,12,Kansas,USA
77024,Armond Hill,1976,1983,1976,6,4,190,1610612737,24,Princeton,USA
77025,Cleo Hill,1961,1961,1961,6,1,185,1610612737,24,Winston-Salem State,USA
77026,Gary Hill,1963,1964,1963,6,4,185,1610612744,20,Oklahoma City,USA
77028,Darnell Hillman,1976,1979,1971,6,9,215,1610612754,30,San Jose State,USA
77030,Roy Hinson,1983,1990,1983,6,9,210,1610612739,6,Rutgers,USA
77031,Mel Hirsch,1946,1946,,5,6,165,1610612738,3,Brooklyn,USA
77032,Lew Hitch,1951,1956,1951,6,8,200,1610612747,14,Kansas State,USA
77034,Craig Hodges,1982,1991,1982,6,2,190,1610612749,14,Long Beach State,USA
77035,Adolph Hoefer,1946,1947,,5,9,158,1610612738,3,Queens,USA
77036,"Bear, The Body Hoffman",1947,1954,1947,6,2,195,1610610024,14,Purdue,USA
77037,Bob Hogsett,1966,1966,,6,7,230,1610612765,20,Tennessee,USA
77038,Paul Hogue,1962,1963,1962,6,9,240,1610612752,14,Cincinnati,USA
77039,Doug Holcomb,1948,1948,,6,4,200,1610610024,,Wisconsin,USA
77040,Brad Holland,1979,1981,1979,6,3,180,1610612747,14,UCLA,USA
77041,Joe Holland,1949,1951,1948,6,4,185,1610610030,,Kentucky,USA
77042,Wilbur Holland,1975,1978,1975,6,0,175,1610612741,12,New Orleans,USA
77043,Lionel Hollins,1975,1984,1975,6,3,185,1610612757,14,Arizona State,USA
77044,Essie Hollis,1978,1978,1977,6,6,195,1610612765,22-24,St. Bonaventure,USA
77045,Jim Holstein,1952,1955,1952,6,3,180,1610612747,10,Cincinnati,USA
77046,Alvin Holt,1970,1970,,6,7,210,1610612741,6,Jackson State,USA
77047,Michael Holton,1984,1989,1983,6,4,185,1610612757,6,UCLA,USA
77049,Joe Holup,1956,1958,1956,6,6,215,1610612765,9,George Washington,USA
77050,Red Holzman,1948,1953,,5,10,175,1610612758,10,City College of New York,USA
77051,Tom Hoover,1963,1966,1963,6,9,230,1610612752,12,Villanova,USA
77052,Bob Hopkins,1956,1959,1956,6,8,205,1610612755,9,Grambling,USA
77053,Dave Hoppen,1987,1992,1986,6,11,235,1610612766,42,Nebraska,USA
77054,Dennis Hopson,1987,1991,1987,6,5,200,1610612751,20,Ohio State,USA
77055,Johnny Horan,1955,1955,1955,6,8,190,1610612747,,Dayton,USA
77056,Cedrick Hordges,1980,1981,1979,6,8,220,1610612743,34,South Carolina,USA
77057,Tito Horford,1988,1993,1988,7,1,245,1610612749,42,Miami,USA
77060,Ed Horton,1989,1989,1989,6,8,230,1610612764,32,Iowa,USA
77061,Wilmer Hosket,1968,1971,1968,6,7,225,1610612752,25,Ohio State,USA
77064,Tom Hovasse,1994,1994,,6,8,205,1610612737,17,Penn State,USA
77065,Brian Howard,1991,1992,,6,6,204,1610612742,41,North Carolina State,USA
77066,Greg Howard,1970,1971,1970,6,9,215,1610612739,40,New Mexico,USA
77067,Mo Howard,1976,1976,1976,6,2,170,1610612762,14,Maryland,USA
77069,Otis Howard,1978,1978,1978,6,7,220,1610612765,32,Austin Peay,USA
77070,Bailey Howell,1959,1970,1959,6,7,210,1610612765,16,Mississippi State,USA
77071,Phil Hubbard,1979,1988,1979,6,8,215,1610612739,35,Michigan,USA
77072,Bob Hubbard,1947,1948,1947,6,6,215,1610610032,,Springfield,USA
77074,Lou Hudson,1966,1978,1966,6,5,210,1610612737,23,Minnesota,USA
77076,Alfredrick Hughes,1985,1985,1985,6,5,215,1610612759,6,Loyola-Chicago,USA
77077,Eddie Hughes,1987,1989,1982,5,10,165,1610612743,1,Colorado State,USA
77078,Kim Hughes,1976,1980,1974,6,11,220,1610612743,3-12-44,Wisconsin,USA
77081,Jay Humphries,1984,1994,1984,6,3,185,1610612749,5,Colorado,USA
77082,Rod Hundley,1957,1962,1957,6,4,185,1610612747,33,West Virginia,USA
77083,Cedric Hunter,1991,1991,,6,0,180,1610612766,15,Kansas,USA
77084,Les Hunter,1964,1964,1964,6,7,210,1610612764,41,Loyola-Chicago,USA
77086,Roy Hurley,1946,1946,,6,2,170,1610610035,,Murray State,USA
77087,Geoff Huston,1979,1986,1979,6,2,175,1610612739,15,Texas Tech,USA
77089,Mel Hutchins,1951,1957,1951,6,6,200,1610612765,10,Brigham Young,USA
77090,Joe Hutton,1950,1951,1950,6,1,170,1610612747,4-15,Hamline,USA
77091,Greg Hyder,1970,1970,1970,6,6,215,1610612758,16,Eastern New Mexico,USA
77092,Marc Iavaroni,1982,1988,1978,6,10,210,1610612762,43,Virginia,USA
77093,Darrall Imhoff,1960,1971,1960,6,10,220,1610612747,30-35,California,USA
77094,Tom Ingelsby,1973,1973,1973,6,3,180,1610612737,24,Villanova,USA
77096,Byron Irvin,1989,1992,1989,6,5,190,1610612757,32,Missouri,USA
77098,Mike Iuzzolino,1991,1992,1991,5,10,175,1610612742,13,St. Francis (PA),USA
77099,Al Jackson,1967,1967,,6,1,185,1610612758,11,Wilberforce,USA
77100,Tony Jackson,1980,1980,1980,6,0,170,1610612747,23,Florida State,USA
77101,Greg Jackson,1974,1974,1974,6,0,180,1610612756,24,Guilford,USA
77103,Lucious Jackson,1964,1971,1964,6,9,240,1610612755,,Texas-Pan American,USA
77105,Myron Jackson,1986,1986,1986,6,3,185,1610612742,6,Arkansas-Little Rock,USA
77106,Phil Jackson,1967,1979,1967,6,8,220,1610612752,17,North Dakota,USA
77107,Ralph Jackson,1984,1984,1984,6,2,190,1610612754,2,UCLA,USA
77110,Tracy Jackson,1981,1983,1981,6,6,205,1610612741,7,Notre Dame,USA
77111,Wardell Jackson,1974,1974,1974,6,7,200,1610612760,30,Ohio State,USA
77112,Winfred Jacobs,1946,1946,,6,3,175,1610610034,,Denver,USA
77114,Dave Jamerson,1990,1993,1990,6,5,190,1610612745,24,Ohio,USA
77116,Gene James,1948,1950,,6,4,180,1610610024,,Marshall,USA
77122,Howie Janotta,1949,1949,,6,3,185,1610610024,,Seton Hall,USA
77123,Tony Jaros,1946,1950,,6,3,185,1610612747,13,Minnesota,USA
77125,Buddy Jeannette,1947,1949,,5,11,175,1610610024,,Washington & Jefferson,USA
77126,Abdul Jeelani,1979,1980,,6,8,210,1610612757,11,Wisconsin-Parkside,USA
77129,Les Jepsen,1990,1991,1990,7,0,237,1610612758,51,Iowa,USA
77130,Buck Johnson,1986,1992,1986,6,7,190,1610612745,2,Alabama,USA
77131,Andy Johnson,1958,1961,,6,5,215,1610612744,12,Portland,USA
77132,Arnie Johnson,1948,1952,,6,5,236,1610612758,12,Bemidji State,USA
77133,Charlie Johnson,1972,1978,1971,6,0,170,1610612744,15,California,USA
77134,Steve Johnson,1981,1990,1981,6,10,235,1610612758,33,Oregon State,USA
77135,Clay Johnson,1981,1983,1978,6,4,175,1610612747,34,Missouri,USA
77136,Clemon Johnson,1978,1987,1978,6,10,240,1610612754,45,Florida A&M,USA
77139,David Johnson,1949,1952,,5,11,170,1610612765,5,Huntington,USA
77141,Dennis Johnson,1976,1989,1976,6,4,185,1610612738,3,Pepperdine,USA
77142,Magic Johnson,1979,1995,1979,6,9,220,1610612747,32,Michigan State,USA
77144,Eddie Johnson,1977,1986,1977,6,2,180,1610612737,15,Auburn,USA
77146,Frank Johnson,1981,1993,1981,6,3,185,1610612764,3,Wake Forest,USA
77147,George Johnson,1970,1973,1970,6,11,245,1610612745,6,Stephen F. Austin,USA
77148,George Johnson,1978,1985,1978,6,7,210,1610612754,,St. John's (NY),USA
77149,George Johnson,1972,1985,1970,6,11,205,1610612744,,Dillard,USA
77150,Gus Johnson,1963,1972,1963,6,6,230,1610612764,25,Idaho,USA
77152,John Johnson,1970,1981,1970,6,7,200,1610612760,27,Iowa,USA
77153,Kannard Johnson,1987,1987,1987,6,9,220,1610612739,33,Western Kentucky,USA
77154,Ken Johnson,1985,1985,1985,6,8,240,1610612757,00,Michigan State,USA
77156,Larry Johnson,1977,1977,1977,6,3,205,1610612746,10,Kentucky,USA
77158,Lee Johnson,1980,1980,1979,6,11,205,1610612745,,Texas A&M-Commerce,USA
77159,Lynbert Johnson,1979,1979,1979,6,5,195,1610612744,21,Wichita State,USA
77160,Marques Johnson,1977,1989,1977,6,7,218,1610612749,8,UCLA,USA
77161,Neil Johnson,1966,1969,1966,6,7,220,1610612756,11,Creighton,USA
77163,Reggie Johnson,1980,1983,1980,6,9,205,1610612759,33,Tennessee,USA
77164,Rich Johnson,1968,1970,1968,6,7,210,1610612738,26,Grambling,USA
77165,Ron Johnson,1960,1960,1960,6,8,215,1610612747,52,Minnesota,USA
77166,Steffond Johnson,1986,1986,1986,6,8,240,1610612746,31,San Diego State,USA
77167,Vinnie Johnson,1979,1991,1979,6,2,200,1610612765,15,Baylor,USA
77168,Mickey Johnson,1974,1985,1974,6,10,190,1610612741,43,Aurora,USA
77169,Neil Johnston,1951,1958,,6,8,210,1610612744,6,Ohio State,USA
77170,Nate Johnston,1989,1989,1988,6,8,210,1610612757,33,Tampa,USA
77171,Jim Johnstone,1982,1982,1982,6,11,245,1610612765,34,Wake Forest,USA
77172,Howie Jolliff,1960,1962,1960,6,7,218,1610612747,54,Ohio,USA
77173,Anthony Jones,1986,1989,1986,6,6,195,1610612742,21,UNLV,USA
77174,Askia Jones,1994,1994,,6,5,200,1610612750,2,Kansas State,USA
77178,Charles Jones,1984,1988,1984,6,8,215,1610612756,,Louisville,USA
77180,Bill Jones,1988,1988,1968,6,7,175,1610612751,20,Iowa,USA
77182,Dwight Jones,1973,1982,1973,6,10,210,1610612741,13,Houston,USA
77183,Earl Jones,1984,1985,1984,7,0,210,1610612749,31,District of Columbia,USA
77184,Edgar Jones,1980,1985,1979,6,10,225,1610612759,44,Nevada-Reno,USA
77185,Jake Jones,1971,1971,1971,6,3,180,1610612758,12,Assumption,USA
77186,Jimmy Jones,1974,1976,1967,6,4,188,1610612764,15,Grambling,USA
77187,Johnny Jones,1967,1967,,6,7,205,1610612738,27,California State-Los Angeles,USA
77188,K.C. Jones,1958,1966,1956,6,1,200,1610612738,25,San Francisco,USA
77189,Major Jones,1979,1984,1976,6,9,225,1610612745,35,Albany State (GA),USA
77191,Ozell Jones,1984,1985,1984,6,11,235,1610612759,20,California State-Fullerton,USA
77192,Rich Jones,1976,1976,1969,6,8,220,1610612751,33,Memphis,USA
77193,Bobby Jones,1976,1985,1974,6,9,210,1610612755,24,North Carolina,USA
77194,Robin Jones,1976,1977,,6,9,225,1610612757,34,St. Louis,USA
77197,Steve Jones,1975,1975,,6,5,205,1610612757,23,Oregon,USA
77198,Wali Jones,1964,1975,1964,6,2,180,1610612755,9,Villanova,USA
77199,Wallace Jones,1949,1951,1949,6,4,225,1610610030,,Kentucky,USA
77200,Larry Jones,1964,1973,1964,6,2,180,1610612755,22,Toledo,USA
77201,Wil Jones,1976,1977,1969,6,8,205,1610612754,24,Albany State (GA),USA
77203,Willie Jones,1982,1983,1982,6,8,190,1610612746,22,Vanderbilt,USA
77205,Eddie Jordan,1977,1983,1977,6,1,170,1610612751,15,Rutgers,USA
77208,Thomas Jordan,1992,1992,,6,10,220,1610612755,55,Oklahoma State,USA
77210,Phil Jordon,1956,1962,1956,6,10,205,1610612758,29,Whitworth,USA
77211,Johnny Jorgensen,1947,1948,,6,2,185,1610612747,16,DePaul,USA
77212,Noble Jorgensen,1946,1952,,6,9,228,1610612755,6,Iowa,USA
77213,Roger Jorgensen,1946,1946,,6,5,200,1610610031,,Ohio State,USA
77214,Yvon Joseph,1985,1985,1985,6,11,245,1610612751,40,Georgia Tech,USA
77217,Edwin Kachan,1948,1948,1948,6,2,175,1610610025,,DePaul,USA
77218,George Kaftan,1948,1952,1949,6,3,190,1610612752,,Holy Cross,USA
77219,Ed Kalafat,1954,1956,1954,6,6,245,1610612747,23,Minnesota,USA
77221,Ralph Kaplowitz,1946,1947,,6,2,170,1610612744,9,New York University,USA
77222,Tony Kappen,1946,1946,,5,10,165,1610610031,,Forest Hills HS (NY),USA
77223,George Karl,1976,1977,1973,6,2,185,1610612759,22,North Carolina,USA
77225,Ed Kasid,1946,1946,,5,11,185,1610610035,,Minneapolis Vocational HS (MN),USA
77226,Leo Katkaveck,1948,1949,1948,6,0,185,1610610036,,North Carolina State,USA
77227,Bob Kauffman,1968,1974,1968,6,8,240,1610612746,44,Guilford,USA
77228,Wilbert Kautz,1946,1946,,5,11,180,1610610025,,Loyola-Chicago,USA
77230,Michael Kearns,1954,1954,1951,6,2,178,1610612744,7,Princeton,USA
77231,Tommy Kearns,1958,1958,1958,5,11,185,1610612755,3,North Carolina,USA
77233,Harold Keeling,1985,1985,1985,6,4,185,1610612742,43,Santa Clara,USA
77234,Ken Keller,1946,1946,,,,,0,,St. John's (NY),USA
77235,Rich Kelley,1975,1985,1975,7,0,235,1610612762,50,Stanford,USA
77236,Clark Kellogg,1982,1986,1982,6,7,225,1610612754,33,Ohio State,USA
77237,Gerard Kelly,1946,1947,,6,2,172,1610612738,,Marshall,USA
77238,Tom Kelly,1948,1948,1948,6,0,170,1610612738,6,New York University,USA
77239,Greg Kelser,1979,1984,1979,6,7,190,1610612760,11,Michigan State,USA
77240,Ben Kelso,1973,1973,1973,6,3,195,1610612765,5-30,Central Michigan,USA
77242,Frank Kendrick,1974,1974,1974,6,6,198,1610612744,34,Purdue,USA
77244,Joe Kennedy,1968,1969,1968,6,6,210,1610612760,34,Duke,USA
77245,William Kennedy,1960,1960,1960,5,11,180,1610612744,34,Temple,USA
77247,Bill Kenville,1953,1959,1953,6,2,187,1610612755,10,St. Bonaventure,USA
77248,Johnny Kerr,1954,1965,1954,6,9,230,1610612755,43,Illinois,USA
77249,Jack Kerris,1949,1952,1949,6,6,215,1610612765,,Loyola-Chicago,USA
77251,Alec Kessler,1990,1993,1990,6,11,230,1610612748,33,Georgia,USA
77254,Warren Kidd,1993,1993,,6,9,235,1610612755,43,Middle Tennessee State,USA
77255,Irv Kiffin,1979,1979,,6,9,225,1610612759,21,Oklahoma Baptist,USA
77256,Jack Kiley,1951,1952,1951,6,1,170,1610612765,10,Syracuse,USA
77258,Carl Kilpatrick,1979,1979,1978,6,10,230,1610612762,51,Louisiana-Monroe,USA
77259,Toby Kimball,1966,1974,1965,6,6,220,1610612745,7,Connecticut,USA
77260,Bo Kimble,1990,1992,1990,6,4,190,1610612746,16,Loyola-Marymount,USA
77261,Stan Kimbrough,1989,1992,,5,11,153,1610612765,21,Xavier,USA
77262,Chad Kinch,1980,1980,1980,6,4,190,1610612739,21,North Carolina-Charlotte,USA
77263,Albert King,1981,1991,1981,6,6,190,1610612751,15,Maryland,USA
77264,Bernard King,1977,1992,1977,6,7,205,1610612764,30,Tennessee,USA
77268,George King,1951,1957,1950,6,0,175,1610612755,15,University of Charleston,USA
77270,Jim King,1963,1972,1963,6,2,175,1610612747,21,Tulsa,USA
77272,Maury King,1959,1962,1957,6,2,195,1610612764,22,Kansas,USA
77273,Reggie King,1979,1984,1979,6,6,225,1610612758,51,Alabama,USA
77276,Tom King,1946,1946,,6,0,165,1610610028,,Michigan,USA
77279,Doug Kistler,1961,1961,1961,6,9,210,1610612752,5,Duke,USA
77283,Leo Klier,1948,1949,,6,2,170,1610612765,7,Notre Dame,USA
77284,Herm Klotz,1947,1947,,5,7,150,1610610024,,Villanova,USA
77285,Duane Klueh,1949,1950,1949,6,3,175,1610612765,6,Indiana State,USA
77287,Bob Knight,1954,1954,,6,2,185,1610612752,3,Weaver HS (CT),USA
77289,Toby Knight,1977,1981,1977,6,9,210,1610612752,43,Notre Dame,USA
77291,Lee Knorek,1946,1949,,6,7,215,1610612752,,Detroit,USA
77292,Dick Knostman,1953,1953,1953,6,6,215,1610612755,10,Kansas State,USA
77293,Rod Knowles,1968,1968,1968,6,9,215,1610612756,23,Davidson,USA
77294,Bart Kofoed,1987,1992,1987,6,4,210,1610612762,12,Nebraska-Kearney,USA
77295,Don Kojis,1963,1974,1961,6,3,202,1610612745,21,Marquette,USA
77296,Milo Komenich,1949,1949,,6,7,212,1610610023,,Wyoming,USA
77299,Bud Koper,1964,1964,1964,6,6,210,1610612744,15,Oklahoma City,USA
77300,Joe Kopicki,1982,1984,1982,6,9,240,1610612764,50,Detroit,USA
77301,Frank Kornet,1989,1990,1989,6,9,225,1610612749,8,Vanderbilt,USA
77302,Len Kosmalski,1974,1975,1974,6,11,245,1610612758,55,Tennessee,USA
77305,Tom Kozelko,1973,1975,1973,6,8,220,1610612764,22,Toledo,USA
77306,Arvid Kramer,1979,1979,1979,6,9,220,1610612743,41,Augustana (SD),USA
77307,Barry Kramer,1964,1964,1964,6,4,200,1610612744,21,New York University,USA
77308,Joel Kramer,1978,1982,1978,6,7,203,1610612756,50,San Diego State,USA
77309,Dan Kraus,1948,1948,1948,6,0,195,1610610024,,Georgetown,USA
77310,Herb Krautblatt,1948,1948,1948,6,1,190,1610610024,,Rider,USA
77311,Jim Krebs,1957,1963,1957,6,8,230,1610612747,32,Southern Methodist,USA
77312,Wayne Kreklow,1980,1980,1979,6,4,175,1610612738,20,Drake,USA
77313,Tom Kron,1966,1968,1966,6,5,200,1610612760,11,Kentucky,USA
77316,Steve Kuberski,1969,1977,1969,6,8,215,1610612738,33,Bradley,USA
77317,Leo Kubiak,1949,1949,1948,5,11,160,1610610037,,Bowling Green,USA
77319,Frank Kudelka,1949,1952,,6,2,193,1610610024,14,St. Mary's (CA),USA
77320,John Kuester,1977,1979,1977,6,2,180,1610612758,5,North Carolina,USA
77322,Ray Kuka,1947,1948,,6,3,200,1610612752,12,Notre Dame,USA
77323,Kevin Kunnert,1973,1981,1973,7,0,230,1610612745,44,Iowa,USA
77324,Mitch Kupchak,1976,1985,1976,6,9,230,1610612764,25,North Carolina,USA
77325,Charles Kupec,1975,1977,1975,6,6,220,1610612747,25,Michigan,USA
77328,Tom LaGarde,1977,1984,1977,6,10,220,1610612742,34,North Carolina,USA
77329,Pete Lalich,1946,1946,,6,2,190,1610610026,,Ohio,USA
77331,John Lambert,1975,1981,1975,6,10,225,1610612739,24,Southern California,USA
77332,Jeff Lamp,1981,1988,1981,6,6,195,1610612757,3,Virginia,USA
77333,Jim Lampley,1986,1986,1983,6,10,230,1610612755,11,Arkansas-Little Rock,USA
77334,Mark Landsberger,1977,1983,1977,6,8,215,1610612747,54,Arizona State,USA
77338,Stu Lantz,1968,1975,1968,6,3,175,1610612745,23,Nebraska,USA
77339,York Larese,1961,1961,1961,6,4,183,1610612744,34,North Carolina,USA
77340,Rudy LaRusso,1959,1968,1959,6,8,220,1610612747,35,Dartmouth,USA
77341,John Laskowski,1975,1976,1975,6,6,185,1610612741,31,Indiana,USA
77344,Rich Laurel,1977,1977,1977,6,6,190,1610612749,5-12,Hofstra,USA
77345,Walt Lautenbach,1949,1949,,6,2,185,1610610033,,Wisconsin,USA
77346,Tony Lavelli,1949,1950,1949,6,3,185,1610612738,6-16,Yale,USA
77347,Bob Lavoy,1950,1953,1950,6,7,185,1610610030,16,Western Kentucky,USA
77348,Ed Lawrence,1980,1980,1976,6,11,228,1610612765,,McNeese State,USA
77350,Dennis Layton,1971,1977,1971,6,1,180,1610612756,1,Southern California,USA
77351,Emanuel Leaks,1972,1973,1968,6,8,225,1610612755,24,Niagara,USA
77352,Hal Lear,1956,1956,1956,5,11,163,1610612744,16,Temple,USA
77353,Allen Leavell,1979,1988,1979,6,1,170,1610612745,30,Oklahoma City,USA
77356,Butch Lee,1978,1979,1978,6,0,185,1610612737,15,Marquette,USA
77357,Clyde Lee,1966,1975,1966,6,10,205,1610612744,34,Vanderbilt,USA
77358,Doug Lee,1991,1994,1987,6,5,200,1610612751,20,Purdue,USA
77359,George Lee,1960,1967,1959,6,4,200,1610612765,9,Michigan,USA
77360,Greg Lee,1975,1975,1974,6,3,190,1610612757,42,UCLA,USA
77362,Kurk Lee,1990,1990,,6,3,190,1610612751,20,Towson,USA
77363,Rock Lee,1981,1981,,6,10,220,1610612746,34,San Diego State,USA
77364,Ron Lee,1976,1981,1976,6,3,193,1610612756,30,Oregon,USA
77365,Russell Lee,1972,1974,1972,6,5,185,1610612749,11,Marshall,USA
77367,Hank Lefkowitz,1946,1946,,6,2,190,1610610026,,Case Western Reserve,USA
77369,George Lehmann,1967,1968,,6,0,180,1610612737,20,Campbell,USA
77370,Gary Leonard,1989,1991,1989,7,1,250,1610612750,34,Missouri,USA
77371,Bob Leonard,1956,1962,1954,6,3,185,1610612747,21,Indiana,USA
77372,Jim Les,1988,1994,1986,5,11,165,1610612758,14,Bradley,USA
77373,Ronnie Lester,1980,1985,1980,6,2,175,1610612741,12,Iowa,USA
77374,Clifford Lett,1989,1990,,6,3,170,1610612759,11,Florida,USA
77375,Andrew Levane,1948,1952,,6,2,190,1610612755,3,St. John's (NY),USA
77376,Lafayette Lever,1982,1993,1982,6,3,170,1610612743,21,Arizona State,USA
77377,Cliff Levingston,1982,1994,1982,6,8,210,1610612737,53,Wichita State,USA
77379,Fred Lewis,1948,1949,,6,2,195,1610610024,,Eastern Kentucky,USA
77380,Freddie Lewis,1966,1976,1966,6,0,175,1610612754,1,Arizona State,USA
77381,Grady Lewis,1946,1948,,6,7,215,1610610028,,Oklahoma,USA
77383,Ralph Lewis,1987,1989,1985,6,6,200,1610612765,11,La Salle,USA
77384,Reggie Lewis,1987,1992,1987,6,7,195,1610612738,35,Northeastern,USA
77385,Bobby Lewis,1967,1970,1967,6,3,175,1610612744,5,North Carolina,USA
77386,Marcus Liberty,1990,1993,1990,6,8,205,1610612743,30,Illinois,USA
77387,Todd Lichti,1989,1993,1989,6,4,205,1610612743,30,Stanford,USA
77388,Bill Ligon,1974,1974,1974,6,4,180,1610612765,26,Vanderbilt,USA
77389,Steve Lingenfelter,1982,1983,1981,6,9,225,1610612764,25,South Dakota State,USA
77392,Ron Livingstone,1949,1950,1949,6,10,220,1610612744,6,Wyoming,USA
77394,Earl Lloyd,1950,1959,1950,6,6,200,1610612755,17,West Virginia State,USA
77395,Lewis Lloyd,1981,1989,1981,6,6,205,1610612745,32,Drake,USA
77396,Scott Lloyd,1976,1982,1976,6,10,230,1610612742,44,Arizona State,USA
77397,Bob Lochmueller,1952,1952,1952,6,5,185,1610612755,14,Louisville,USA
77398,Robert Lock,1988,1988,1988,6,9,225,1610612746,44,Kentucky,USA
77399,Darrell Lockhart,1983,1983,1983,6,9,245,1610612759,32,Auburn,USA
77401,Kevin Loder,1981,1983,1981,6,6,205,1610612758,9,Alabama State,USA
77402,Don Lofgran,1950,1953,1950,6,5,200,1610610030,8,San Francisco,USA
77403,Johnny Logan,1946,1950,,6,2,175,1610610034,17,Indiana,USA
77406,Paul Long,1967,1970,1967,6,2,180,1610612765,5,Wake Forest,USA
77409,Jim Loscutoff,1955,1963,1955,6,5,220,1610612738,18,Oregon,USA
77410,Plummer Lott,1967,1968,1967,6,5,210,1610612760,43,Seattle,USA
77411,Kevin Loughery,1962,1972,1962,6,3,190,1610612764,22,St. John's (NY),USA
77412,Bob Love,1966,1976,1965,6,8,215,1610612741,10,Southern,USA
77413,Stan Love,1971,1974,1971,6,9,215,1610612764,34,Oregon,USA
77414,Clyde Lovellette,1953,1963,1952,6,9,234,1610612747,34,Kansas,USA
77415,Sidney Lowe,1983,1989,1983,6,0,195,1610612750,35,North Carolina State,USA
77417,Al Lucas,1948,1948,,6,3,195,1610612738,20,Fordham,USA
77419,John Lucas,1976,1989,1976,6,3,175,1610612745,10,Maryland,USA
77420,Maurice Lucas,1976,1987,1974,6,9,215,1610612757,20,Marquette,USA
77421,Ted Luckenbill,1961,1962,1961,6,6,205,1610612744,12,Houston,USA
77422,Jim Luisi,1953,1953,1951,6,2,180,1610610024,,St. Francis (NY),USA
77423,Al Lujack,1946,1946,,6,3,220,1610610036,,Georgetown,USA
77424,Phil Lumpkin,1974,1975,1974,6,0,165,1610612757,10,Miami (Ohio),USA
77425,Ray Lumpp,1948,1952,1948,6,1,178,1610612752,,New York University,USA
77426,Kevin Lynch,1991,1992,1991,6,5,195,1610612766,9,Minnesota,USA
77427,Mike Lynn,1969,1970,1968,6,7,215,1610612747,25,UCLA,USA
77428,Mike Macaluso,1973,1973,1973,6,5,210,1610612746,21,Canisius,USA
77429,Ed Macauley,1949,1958,1949,6,8,185,1610612738,22,St. Louis,USA
77430,Ronnie MacGilvray,1954,1954,1952,6,2,185,1610612737,8,St. John's (NY),USA
77432,Ollie Mack,1979,1981,1979,6,3,185,1610612742,17,East Carolina,USA
77438,Kyle Macy,1980,1986,1979,6,3,175,1610612756,44,Kentucky,USA
77439,Jack Maddox,1948,1948,,6,2,185,1610610029,,West Texas A&M,USA
77441,Norm Mager,1950,1950,1950,6,5,185,1610610024,,City College of New York,USA
77442,Dave Magley,1982,1982,1982,6,8,202,1610612739,30,Kansas,USA
77443,John Mahnken,1946,1952,,6,8,220,1610612738,16,Georgetown,USA
77444,Francis Mahoney,1952,1953,1950,6,2,205,1610612738,,Brown,USA
77447,Lionel Malamed,1948,1948,,5,9,150,1610610029,,City College of New York,USA
77449,Moses Malone,1976,1994,,6,10,215,1610612745,24,Petersburg HS (VA),USA
77450,Steve Malovic,1979,1979,1978,6,10,230,1610612746,,San Diego State,USA
77451,Ted Manakas,1973,1973,1973,6,2,180,1610612758,23,Princeton,USA
77452,John Mandic,1948,1949,1947,6,4,205,1610610029,,Oregon State,USA
77453,Frank Mangiapane,1946,1946,,5,10,195,1610612752,5,New York University,USA
77454,Ed Manning,1967,1970,1967,6,7,210,1610612764,35,Jackson State,USA
77456,Pace Mannion,1983,1988,1983,6,7,190,1610612762,5,Utah,USA
77457,Nick Mantis,1959,1962,1959,6,3,190,1610612764,23,Northwestern,USA
77460,Roy Marble,1989,1993,1989,6,6,190,1610612737,5,Iowa,USA
77462,Saul Mariaschin,1947,1947,1947,5,11,165,1610612738,4,Harvard,USA
77464,Harvey Marlatt,1970,1972,,6,3,185,1610612765,26,Eastern Michigan,USA
77465,Eric Marsh,1977,1977,1977,6,3,200,1610612744,21,Manhattan,USA
77466,Jim Marsh,1971,1971,1968,6,7,215,1610612757,41,Southern California,USA
77467,Tom Marshall,1954,1958,1954,6,4,215,1610612758,20,Western Kentucky,USA
77468,Vester Marshall,1973,1973,,6,7,200,1610612760,45,Oklahoma,USA
77469,Brian Martin,1985,1985,1984,6,9,212,1610612757,35,Kansas,USA
77471,Donald Martin,1946,1947,,5,8,160,1610610032,,Georgetown,USA
77472,Fernando Martin,1986,1986,1985,6,9,220,1610612757,10,Real Madrid,Spain
77474,Jeff Martin,1989,1990,1989,6,5,195,1610612746,15,Murray State,USA
77475,Larue Martin,1972,1975,1972,6,11,208,1610612757,35,Loyola-Chicago,USA
77476,Mo Martin,1986,1987,1986,6,6,200,1610612743,11,St. Joseph's (PA),USA
77478,Bob Martin,1993,1994,,7,0,250,1610612746,42,Minnesota,USA
77479,Ronald Martin,1961,1961,1961,6,2,185,1610612752,7,St. Bonaventure,USA
77480,Slater Martin,1949,1959,,5,10,170,1610612747,22,Texas-Austin,USA
77481,Bill Martin,1985,1987,1985,6,7,205,1610612754,26,Georgetown,USA
77482,Al Masino,1952,1953,,5,10,174,1610612737,12,Canisius,USA
77483,Eddie Mast,1970,1972,1969,6,9,220,1610612752,25,Temple,USA
77484,Wes Matthews,1980,1989,1980,6,1,170,1610612737,1,Wisconsin,USA
77485,Ariel Maughan,1946,1950,,6,4,190,1610610034,,Utah State,USA
77486,Marlon Maxey,1992,1993,1992,6,8,250,1610612750,25,Texas-El Paso,USA
77487,Cedric Maxwell,1977,1987,1977,6,8,205,1610612738,31,North Carolina-Charlotte,USA
77489,Don May,1968,1974,1968,6,4,200,1610612737,23,Dayton,USA
77490,Scott May,1976,1982,1976,6,6,215,1610612741,24,Indiana,USA
77492,Clyde Mayes,1975,1976,1975,6,8,225,1610612749,22,Furman,USA
77494,Ken Mayfield,1975,1975,1971,6,2,185,1610612752,16,Tuskegee,USA
77495,Bill Mayfield,1980,1980,,6,7,205,1610612744,36,Iowa,USA
77496,Travis Mays,1990,1992,1990,6,2,190,1610612758,1,Texas-Austin,USA
77497,Matt Mazza,1949,1949,,6,3,210,1610610033,,Michigan State,USA
77498,Bob McAdoo,1972,1985,1972,6,9,210,1610612746,11,North Carolina,USA
77499,Ken McBride,1954,1954,1952,6,3,190,1610612737,4,Maryland-Eastern Shore,USA
77500,Brendan McCann,1957,1959,1957,6,2,178,1610612752,3,St. Bonaventure,USA
77502,Mel McCants,1989,1989,,6,8,240,1610612747,49,Purdue,USA
77503,Mike McCarron,1946,1949,,5,11,180,1610610035,,Seton Hall,USA
77504,Andre McCarter,1976,1980,1976,6,3,190,1610612758,33,UCLA,USA
77505,Willie McCarter,1969,1971,1969,6,3,175,1610612747,17,Drake,USA
77507,Howie McCarty,1946,1946,,,,,1610610028,,Wayne State,USA
77509,Dwayne McClain,1985,1985,1985,6,6,185,1610612754,44,Villanova,USA
77510,"Ted, Hound Dog McClain",1976,1978,1971,6,1,180,1610612743,12,Tennessee State,USA
77512,Jack McCloskey,1952,1952,,6,2,190,1610612744,,Pennsylvania,USA
77513,John McConathy,1951,1951,1951,6,5,195,1610612737,15,Northwestern State,USA
77516,Tim McCormick,1984,1991,1984,6,11,240,1610612760,44,Michigan,USA
77517,Paul McCracken,1972,1976,,6,4,180,1610612745,7,California State-Northridge,USA
77518,Scooter McCray,1983,1986,1983,6,9,215,1610612760,20,Louisville,USA
77520,John McCullough,1981,1981,1979,6,4,190,1610612756,8,Oklahoma,USA
77523,Jim McDaniels,1971,1977,1971,6,11,228,1610612760,44,Western Kentucky,USA
77524,Ben McDonald,1985,1988,1984,6,8,210,1610612744,30,California-Irvine,USA
77525,Glenn McDonald,1974,1976,1974,6,6,190,1610612738,13,Long Beach State,USA
77527,Hank McDowell,1981,1986,1981,6,9,215,1610612746,41,Memphis,USA
77528,Jim McElroy,1975,1981,1975,6,3,190,1610612762,33,Central Michigan,USA
77530,Mike McGee,1981,1989,1981,6,5,190,1610612747,40,Michigan,USA
77531,Bill McGill,1962,1964,1962,6,9,225,1610612752,40,Utah,USA
77532,George McGinnis,1975,1981,1973,6,8,235,1610612755,30,Indiana,USA
77534,Gil McGregor,1971,1971,1971,6,8,240,1610612758,25,Wake Forest,USA
77535,Allie McGuire,1973,1973,1973,6,3,175,1610612752,16,Marquette,USA
77536,Al McGuire,1951,1954,1951,6,2,180,1610612752,,St. John's (NY),USA
77537,Dick McGuire,1949,1959,1949,6,0,180,1610612752,15,St. John's (NY),USA
77540,Kenny McIntosh,1971,1974,1971,6,7,225,1610612760,43,Eastern Michigan,USA
77541,Kevin McKenna,1981,1987,1981,6,5,195,1610612751,12,Creighton,USA
77542,Forrest McKenzie,1986,1986,1986,6,7,200,1610612759,7,Loyola-Marymount,USA
77543,Stan McKenzie,1967,1973,1966,6,5,195,1610612757,40,New York University,USA
77545,Carlton McKinney,1989,1991,,6,4,190,1610612746,4,Southern Methodist,USA
77546,Horace McKinney,1946,1951,,6,6,185,1610610036,17,North Carolina,USA
77548,Mccoy McLemore,1964,1971,1964,6,7,230,1610612744,18,Drake,USA
77551,Jack McMahon,1952,1959,1952,6,1,185,1610612737,21,St. John's (NY),USA
77553,Tom McMillen,1975,1985,1974,6,11,215,1610612737,54,Maryland,USA
77554,Jim McMillian,1970,1978,1970,6,5,215,1610612747,5,Columbia,USA
77555,Shellie McMillon,1958,1961,1958,6,5,205,1610612765,25,Bradley,USA
77558,Mark McNamara,1982,1990,1982,6,11,235,1610612755,31,California,USA
77559,Joe McNamee,1950,1951,1950,6,6,210,1610612758,,San Francisco,USA
77561,Larry McNeill,1973,1978,1973,6,9,195,1610612758,32,Marquette,USA
77562,Bob McNeill,1960,1961,1960,6,1,170,1610612752,52,St. Joseph's (PA),USA
77563,Carl McNulty,1954,1954,1952,6,3,185,1610612737,6,Purdue,USA
77566,Thales McReynolds,1965,1965,1965,6,3,185,1610612764,11,Miles,USA
77567,Eric McWilliams,1972,1972,1972,6,8,200,1610612745,22,Long Beach State,USA
77568,George Mearns,1946,1947,,6,3,175,1610610032,,Rhode Island,USA
77570,Cliff Meely,1971,1975,1971,6,8,215,1610612745,21,Colorado,USA
77572,Dick Mehen,1949,1951,,6,5,195,1610612765,17,Tennessee,USA
77573,Don Meineke,1952,1957,1952,6,7,208,1610612765,22,Dayton,USA
77576,Bill Melchionni,1966,1967,1966,6,1,165,1610612755,25,Villanova,USA
77577,Ed Melvin,1946,1946,,5,9,170,1610610031,,Duquesne,USA
77578,Dean Meminger,1971,1976,1971,6,1,175,1610612752,7,Marquette,USA
77579,Chuck Mencel,1955,1956,1955,6,0,168,1610612747,18,Minnesota,USA
77580,John Mengelt,1971,1980,1971,6,2,195,1610612765,15,Auburn,USA
77581,Ken Menke,1949,1949,,6,0,168,1610610037,,Illinois,USA
77582,Joe Meriweather,1975,1984,1975,6,10,215,1610612758,50,Southern Illinois,USA
77583,Porter Meriwether,1962,1962,1962,6,2,180,1610612755,14,Tennessee State,USA
77584,Tom Meschery,1961,1970,1961,6,6,215,1610612744,14,St. Mary's (CA),USA
77586,Dave Meyers,1975,1979,1975,6,9,215,1610612749,7,UCLA,USA
77587,Stan Miasek,1946,1952,,6,5,210,1610610025,3,No School,USA
77588,Larry Micheaux,1983,1984,1983,6,9,220,1610612745,40,Houston,USA
77589,Zigmund Mihalik,1946,1946,,6,0,180,1610610031,,Ford City HS (PA),USA
77590,Ed Mikan,1948,1953,1948,6,8,230,1610612744,15,DePaul,USA
77591,Larry Mikan,1970,1970,1970,6,7,210,1610612739,30,Minnesota,USA
77593,Vern Mikkelsen,1949,1958,1949,6,7,230,1610612747,19,Hamline,USA
77594,Al Miksis,1949,1949,,6,7,210,1610610037,,Western Illinois,USA
77596,Eddie Miles,1963,1971,1963,6,4,195,1610612765,42,Seattle,USA
77598,Nat Militzok,1946,1946,,6,3,195,1610612752,,Cornell,USA
77599,Eddie Miller,1952,1953,1952,6,8,225,1610610024,,Syracuse,USA
77600,Harry Miller,1946,1946,,6,4,230,1610610035,,North Carolina,USA
77601,Jay Miller,1967,1968,,6,5,205,1610612737,12,Notre Dame,USA
77602,Dick Miller,1980,1980,1980,6,6,215,1610612754,30,Toledo,USA
77603,Bob Miller,1983,1983,1978,6,10,230,1610612759,41,Cincinnati,USA
77604,Walt Miller,1946,1946,,6,2,190,1610610031,,Duquesne,USA
77605,Bill Miller,1948,1948,,6,3,190,1610610025,,North Carolina,USA
77606,John Mills,1946,1946,,6,8,203,1610610031,,Western Kentucky,USA
77610,Dave Minor,1951,1952,,6,2,185,1610612737,8,UCLA,USA
77613,Wat Misaka,1947,1947,1947,5,7,150,1610612752,15,Utah,USA
77615,Mike Mitchell,1978,1987,1978,6,7,215,1610612759,34,Auburn,USA
77616,Murray Mitchell,1949,1949,1948,6,6,,1610610023,,Sam Houston State,USA
77618,Steve Mix,1969,1982,1969,6,7,215,1610612755,50,Toledo,USA
77619,Bill Mlkvy,1952,1952,1952,6,4,190,1610612744,16,Temple,USA
77621,Larry Moffett,1977,1977,1977,6,8,210,1610612745,41,UNLV,USA
77622,Leo Mogus,1946,1950,,6,4,190,1610612744,18,Youngstown State,USA
77623,Paul Mokeski,1979,1990,1979,7,0,250,1610612749,44,Kansas,USA
77624,Jack Molinas,1953,1953,1953,6,6,200,1610612765,6,Columbia,USA
77625,Wayne Molis,1966,1966,1965,6,8,230,1610612752,18,Lewis,USA
77626,Sidney Moncrief,1979,1990,1979,6,4,180,1610612749,4,Arkansas,USA
77627,Eric Money,1974,1979,1974,6,0,170,1610612765,14,Arizona,USA
77628,Rodney Monroe,1991,1991,1991,6,3,185,1610612737,12,North Carolina State,USA
77630,Howie Montgomery,1962,1962,1962,6,4,220,1610612744,43,Texas-Pan American,USA
77631,Jim Mooney,1952,1952,,6,5,215,1610612744,7,Villanova,USA
77632,Andre Moore,1987,1987,1987,6,9,215,1610612743,53,Loyola-Chicago,USA
77633,Johnny Moore,1980,1989,1979,6,1,175,1610612759,00,Texas-Austin,USA
77634,Jackie Moore,1954,1956,,6,5,180,1610612744,4-14,La Salle,USA
77635,Lowes Moore,1980,1982,1980,6,1,170,1610612751,13,West Virginia,USA
77636,Otto Moore,1968,1976,1968,6,11,205,1610612765,34,Texas-Pan American,USA
77637,Ron Moore,1987,1987,1987,7,0,260,1610612765,53,West Virginia State,USA
77639,Jackie Moreland,1960,1964,1960,6,7,215,1610612765,15,Louisiana Tech,USA
77640,Guy Morgan,1982,1982,1982,6,8,205,1610612754,35,Wake Forest,USA
77642,Elmo Morgenthaler,1946,1948,,6,9,230,1610612744,17,New Mexico Tech,USA
77644,Darren Morningstar,1993,1993,1992,6,10,235,1610612742,55,Pittsburgh,USA
77646,Max Morris,1949,1949,,6,2,195,1610610033,,Northwestern,USA
77647,Isaiah Morris,1992,1992,1992,6,8,229,1610612765,35,Arkansas,USA
77649,Mike Morrison,1989,1989,1989,6,4,195,1610612756,32,Loyola-Maryland,USA
77653,Glenn Mosley,1977,1978,1977,6,8,195,1610612759,34,Seton Hall,USA
77654,Perry Moss,1985,1986,1982,6,2,185,1610612744,10,Northeastern,USA
77657,Chuck Mrazovich,1950,1950,1950,6,5,185,1610610030,,Eastern Kentucky,USA
77658,Erwin Mueller,1966,1972,1966,6,8,230,1610612765,51,San Francisco,USA
77665,George Munroe,1946,1947,,5,11,170,1610610034,6,Dartmouth,USA
77668,Allen Murphy,1976,1976,1975,6,4,190,1610612747,20,Louisville,USA
77669,Calvin Murphy,1970,1982,1970,5,9,165,1610612745,23,Niagara,USA
77670,Jay Murphy,1984,1987,1984,6,9,220,1610612746,42,Boston College,USA
77671,John Murphy,1946,1946,1975,6,2,175,1610612744,12,Simon Gratz HS (PA),USA
77673,Ronnie Murphy,1987,1987,1987,6,5,225,1610612757,34,Jacksonville,USA
77674,Tod Murphy,1987,1993,1986,6,9,220,1610612750,41,California-Irvine,USA
77675,Ken Murray,1950,1954,1950,6,2,190,1610612765,4,St. Bonaventure,USA
77676,Dorie Murrey,1966,1971,1966,6,8,215,1610612760,40,Detroit,USA
77677,Angelo Musi,1946,1948,,5,9,145,1610612744,5,Temple,USA
77681,Bob Naber,1952,1952,,6,3,185,1610610030,,Louisville,USA
77682,Boris Nachamkin,1954,1954,1954,6,6,210,1610612758,17,New York University,USA
77683,Jerry Nagel,1949,1949,1949,6,0,190,1610612765,9,Loyola-Chicago,USA
77684,Fred Nagy,1948,1948,1947,6,1,185,1610610029,,Akron,USA
77686,Paul Napolitano,1948,1948,1947,6,2,185,1610610029,,San Francisco,USA
77687,Charles Nash,1964,1964,1964,6,5,215,1610612747,17,Kentucky,USA
77688,Bob Nash,1972,1978,1972,6,8,195,1610612758,55,Hawaii,USA
77689,Swen Nater,1976,1983,1973,6,11,240,1610612746,41,UCLA,USA
77690,Howard Nathan,1995,1995,,5,11,175,1610612737,14,Louisiana-Monroe,USA
77692,Kenny Natt,1980,1984,1980,6,3,185,1610612762,2,Louisiana-Monroe,USA
77693,Willie Naulls,1956,1965,1956,6,6,225,1610612752,12,UCLA,USA
77694,Craig Neal,1988,1990,1988,6,5,165,1610612748,22,Georgia Tech,USA
77695,Jim Neal,1953,1954,1953,6,11,235,1610612755,,Wofford,USA
77697,Ed Nealy,1982,1992,1982,6,7,238,1610612758,45,Kansas State,USA
77698,Al Negratti,1946,1946,,6,3,200,1610610036,,Seton Hall,USA
77700,Don Nelson,1962,1975,1962,6,6,210,1610612738,19,Iowa,USA
77701,Louie Nelson,1973,1977,1973,6,3,190,1610612762,11,Washington,USA
77704,Martin Nessley,1987,1987,1987,7,2,260,1610612746,51,Duke,USA
77705,Johnny Neumann,1976,1977,1973,6,6,200,1610612747,21,Mississippi,USA
77706,Paul Neumann,1961,1966,1959,6,1,175,1610612755,15,Stanford,USA
77712,Dave Newmark,1968,1969,1968,7,0,240,1610612741,29,Columbia,USA
77713,Jack Nichols,1948,1957,1948,6,7,222,1610612738,16,Washington,USA
77715,Carl Nicks,1980,1982,1980,6,1,175,1610612762,24,Indiana State,USA
77717,John Niemiera,1948,1949,,6,1,165,1610612765,,Notre Dame,USA
77718,Mike Niles,1980,1980,1979,6,6,225,1610612756,40,California State-Fullerton,USA
77719,Kurt Nimphius,1981,1989,1980,6,10,218,1610612742,40,Arizona State,USA
77720,Dyron Nix,1989,1989,1989,6,7,210,1610612754,23,Tennessee,USA
77721,Norm Nixon,1977,1988,1977,6,2,170,1610612747,10,Duquesne,USA
77722,Chuck Noble,1955,1961,1954,6,4,190,1610612765,14,Louisville,USA
77723,Paul Noel,1947,1951,,6,4,185,1610612752,15,Kentucky,USA
77724,Jim Nolan,1949,1949,1949,6,8,210,1610612744,19,Georgia Tech,USA
77725,Paul Nolen,1953,1953,1953,6,10,,1610610024,,Texas Tech,USA
77727,Robert Nordmann,1961,1964,1961,6,10,225,1610612737,34,St. Louis,USA
77728,Johnny Norlander,1946,1950,,6,3,180,1610610036,,Hamline,USA
77729,Connie Norman,1974,1978,1974,6,3,175,1610612755,11,Arizona,USA
77731,Audie Norris,1982,1984,1982,6,9,230,1610612757,24,Jackson State,USA
77732,Sylvester Norris,1979,1979,1979,6,11,220,1610612759,40,Jackson State,USA
77734,George Nostrand,1946,1949,,6,8,195,1610610032,,Wyoming,USA
77735,Stan Noszka,1946,1948,,6,1,185,1610610031,10,Duquesne,USA
77736,Mike Novak,1948,1953,,6,9,219,1610612758,6,Loyola-Chicago,USA
77737,Mel Nowell,1962,1962,1962,6,2,170,1610612764,20,Ohio State,USA
77738,Dennis Nutt,1986,1986,,6,2,170,1610612742,21,TCU,USA
77742,John O'Boyle,1952,1952,,6,2,185,1610612737,3,Colorado State,USA
77743,Buckshot O'Brien,1951,1952,1950,,,,1610610030,,Butler,USA
77744,Bob O'Brien,1947,1948,,6,4,190,1610612744,,Pepperdine,USA
77745,Dermie O'Connell,1948,1949,,6,0,174,1610612738,,Holy Cross,USA
77746,Andy O'Donnell,1949,1949,,6,1,180,1610610024,,Loyola-Maryland,USA
77747,Carlos Ogden,1969,1970,1969,6,6,215,1610612755,28,Santa Clara,USA
77748,Ralph Ogden,1970,1970,1970,6,5,205,1610612744,22,Santa Clara,USA
77750,Francis O'Grady,1946,1948,,5,11,160,1610610034,,Georgetown,USA
77751,Don Ohl,1960,1969,1958,6,3,190,1610612765,10,Illinois,USA
77753,Tommy O'Keefe,1950,1950,1950,6,2,185,0,,Georgetown,USA
77754,Mike O'Koren,1980,1987,1980,6,7,207,1610612751,31,North Carolina,USA
77756,Mark Olberding,1976,1986,,6,8,225,1610612759,53,Minnesota,USA
77757,Jawann Oldham,1980,1990,1980,7,0,215,1610612741,22,Seattle,USA
77758,Johnny Oldham,1949,1950,1949,6,3,175,1610612765,4,Western Kentucky,USA
77759,Frank Oleynick,1975,1976,1975,6,2,185,1610612760,44,Seattle,USA
77760,John Olive,1978,1979,1977,6,7,210,1610612746,40,Villanova,USA
77764,Gene Ollrich,1949,1949,,5,11,160,1610610037,,Drake,USA
77765,Enoch Olsen,1962,1968,1962,6,8,220,1610612758,10,Louisville,USA
77767,Mike O'Neill,1952,1952,,6,3,210,1610612737,,California,USA
77768,Barry Orms,1968,1968,1968,6,3,190,1610612764,33,St. Louis,USA
77770,Louis Orr,1980,1987,1980,6,8,175,1610612752,55,Syracuse,USA
77771,Jose Ortiz,1988,1989,1987,6,10,225,1610612762,44,Oregon State,USA
77772,Chuck Osborne,1961,1961,1961,6,6,210,1610612755,23,Western Kentucky,USA
77774,Garland O'Shields,1946,1946,,6,1,195,1610610025,,Tennessee,USA
77775,Wally Osterkorn,1951,1954,1950,6,5,215,1610612755,8,Illinois,USA
77776,Dan O'Sullivan,1990,1995,,6,10,250,1610612762,,Fordham,USA
77777,Matt Othick,1992,1992,,6,2,165,1610612759,12,Arizona,USA
77778,Don Otten,1949,1952,,6,10,240,1610612737,14,Bowling Green,USA
77779,Mac Otten,1949,1949,1949,6,7,220,1610610034,,Bowling Green,USA
77780,Claude Overton,1952,1952,1950,6,2,195,1610612744,14,East Central,USA
77782,Eddie Owens,1977,1977,1977,6,7,210,1610612746,40,UNLV,USA
77783,James Owens,1949,1951,,6,3,185,1610612737,,Baylor,USA
77784,Jim Owens,1973,1974,1973,6,5,200,1610612756,45,Arizona State,USA
77785,Keith Owens,1991,1991,,6,7,225,1610612747,25,UCLA,USA
77786,Tom Owens,1976,1982,1971,6,10,215,1610612757,44,South Carolina,USA
77788,Joe Pace,1976,1977,1976,6,10,220,1610612764,44,Coppin State,USA
77789,Gerald Paddio,1990,1993,1988,6,7,205,1610612739,4,UNLV,USA
77790,Fred Paine,1948,1948,,6,5,210,1610610032,,Westminster,USA
77791,Togo Palazzi,1954,1959,1954,6,4,205,1610612755,17,Holy Cross,USA
77792,Jim Palmer,1958,1960,1957,6,8,224,1610612752,19,Dayton,USA
77793,John Palmer,1946,1948,,6,4,180,1610612752,16,Princeton,USA
77794,Walter Palmer,1990,1992,1990,7,1,215,1610612762,31,Dartmouth,USA
77797,Estes Parham,1948,1950,1948,6,3,200,1610610034,14,Texas Wesleyan,USA
77799,Medford Park,1955,1959,,6,2,205,1610612737,14,Missouri,USA
77800,Sonny Parker,1976,1981,1976,6,6,200,1610612744,22,Texas A&M,USA
77801,Jack Parkinson,1949,1949,1948,6,0,174,1610610030,,Kentucky,USA
77802,Jack Parr,1958,1958,1958,6,9,220,1610612758,16,Kansas State,USA
77803,Doyle Parrack,1946,1946,,6,0,165,1610610025,,Oklahoma State,USA
77804,Charlie Parsley,1949,1949,,6,2,175,1610612744,7,Western Kentucky,USA
77806,Marty Passaglia,1946,1948,,6,0,170,1610610036,,Santa Clara,USA
77807,George A. Pastushok,1946,1946,,,,,1610610032,,St. John's (NY),USA
77808,Myles Patrick,1980,1980,,6,8,220,1610612747,34,Auburn,USA
77809,Stan Patrick,1949,1949,,6,2,185,1610610037,,Illinois,USA
77811,George Patterson,1967,1967,1961,6,7,230,1610612765,20,Toledo,USA
77813,Tommy Patterson,1972,1973,1972,6,6,220,1610612764,30,Ouachita Baptist,USA
77814,Worthy Patterson,1957,1957,,6,2,175,1610612737,17,Connecticut,USA
77815,Charlie Paulk,1968,1971,1968,6,8,219,1610612758,42,Northeastern State,USA
77816,Jerry Paulson,1957,1957,1957,6,2,185,1610612758,15,Manhattan,USA
77817,Billy Paultz,1976,1984,1970,6,11,235,1610612759,5,St. John's (NY),USA
77818,Jim Paxson,1956,1957,1956,6,6,200,1610612747,11,Dayton,USA
77819,Jim Paxson,1979,1989,1979,6,6,200,1610612757,,Dayton,USA
77820,John Paxson,1983,1993,1983,6,2,185,1610612741,5,Notre Dame,USA
77821,Johnny Payak,1949,1952,,6,4,174,1610612737,6,Bowling Green,USA
77822,Kenny Payne,1989,1992,1989,6,8,195,1610612755,21,Louisville,USA
77823,Tom Payne,1971,1971,,7,2,240,1610612737,54,Kentucky,USA
77824,Mel Payton,1951,1952,1951,6,4,185,1610610030,,Tulane,USA
77825,George Pearcy,1946,1946,,6,1,165,1610610028,,Indiana State,USA
77826,Henry Pearcy,1946,1946,,6,1,170,1610610028,,Indiana State,USA
77827,Wiley Peck,1979,1979,1979,6,7,220,1610612759,54,Mississippi State,USA
77828,Jake Pelkington,1948,1948,,6,6,220,1610610024,30,Manhattan,USA
77829,Sam Pellom,1979,1982,,6,9,225,1610612737,41,Buffalo State,USA
77834,Warren Perkins,1949,1950,1949,6,3,190,1610612737,11,Tulane,USA
77839,Jim Petersen,1984,1991,1984,6,10,235,1610612745,43,Minnesota,USA
77841,Ed Peterson,1949,1950,1948,6,9,220,1610612755,20,Cornell,USA
77842,Mel Peterson,1963,1963,1960,6,4,185,1610612764,16,Wheaton,USA
77843,Bob Peterson,1953,1955,1953,6,5,210,1610612752,9,Oregon,USA
77844,Geoff Petrie,1970,1975,1970,6,4,190,1610612757,45,Princeton,USA
77845,Drazen Petrovic,1989,1992,1986,6,5,195,1610612751,3,Real Madrid,Croatia
77846,Richard Petruska,1993,1993,1993,6,10,260,1610612745,3,UCLA,USA
77847,Bob Pettit,1954,1964,1954,6,9,205,1610612737,9,Louisiana State,USA
77848,Roger Phegley,1978,1983,1978,6,6,205,1610612759,21,Bradley,USA
77849,Jim Phelan,1953,1953,1951,6,1,175,1610612744,,La Salle,USA
77850,Jack Phelan,1949,1949,,6,5,195,1610610033,,DePaul,USA
77852,Mike Phelps,1985,1987,1985,6,4,180,1610612760,14,Alcorn State,USA
77854,Eddie Phillips,1982,1982,1982,6,7,225,1610612751,51,Alabama,USA
77855,Gary Phillips,1961,1965,1961,6,3,189,1610612744,7,Houston,USA
77858,Stan Pietkiewicz,1978,1980,1978,6,5,200,1610612746,43,Auburn,USA
77859,John Pilch,1951,1951,1950,6,3,185,1610612747,,Wyoming,USA
77862,Dave Piontek,1956,1962,1956,6,6,230,1610612758,61,Xavier,USA
77863,Tom Piotrowski,1983,1983,1983,7,1,240,1610612757,54,La Salle,USA
77864,Charlie Pittman,1982,1985,1982,6,8,220,1610612756,32,Maryland,USA
77865,Gary Plummer,1984,1992,1984,6,9,215,1610612744,45,Boston University,USA
77866,Dwayne Polee,1986,1986,1986,6,5,180,1610612746,12,Pepperdine,USA
77869,Cliff Pondexter,1975,1977,1974,6,9,233,1610612741,41,Long Beach State,USA
77870,David Pope,1984,1985,1984,6,7,220,1610612758,51,Norfolk State,USA
77872,Dave Popson,1988,1991,1987,6,10,220,1610612738,50,North Carolina,USA
77873,Ben Poquette,1977,1986,1977,6,9,235,1610612762,50,Central Michigan,USA
77875,Howard Porter,1971,1977,1971,6,8,220,1610612765,54,Villanova,USA
77876,Kevin Porter,1972,1982,1972,6,0,170,1610612764,1,St. Francis (PA),USA
77878,Bob Portman,1969,1972,1969,6,5,200,1610612744,33,Creighton,USA
77879,Paul Pressey,1982,1992,1982,6,5,185,1610612749,5,Tulsa,USA
77881,Harold Pressley,1986,1989,1986,6,7,210,1610612758,21,Villanova,USA
77882,Tony Price,1980,1980,1979,6,6,190,1610612746,34,Pennsylvania,USA
77887,John Pritchard,1949,1949,1949,6,9,220,1610610037,,Drake,USA
77888,Les Pugh,1948,1949,,6,7,190,1610610032,,Ohio State,USA
77889,Roy Pugh,1948,1948,1948,,,,1610612744,,Southern Methodist,USA
77890,Anthony Pullard,1992,1992,,6,10,245,1610612749,23,McNeese State,USA
77893,Brian Quinnett,1989,1991,1989,6,8,235,1610612752,23,Washington State,USA
77894,Luke Rackley,1969,1973,1969,6,10,220,1610612739,42,Xavier,USA
77895,Howie Rader,1948,1948,,6,1,190,1610610024,,Long Island-Brooklyn,USA
77896,Mark Radford,1981,1982,1981,6,4,190,1610612760,30,Oregon State,USA
77897,Wayne Radford,1978,1978,1978,6,3,205,1610612754,21,Indiana,USA
77899,Frank Radovich,1961,1961,1960,6,8,235,1610612744,9,Indiana,USA
77900,Moe Radovich,1952,1952,1952,6,0,160,1610612744,4,Wyoming,USA
77902,Ray Ragelis,1951,1951,1951,6,4,205,1610612758,18,Northwestern,USA
77903,Sherwin Raiken,1952,1952,,6,2,185,1610612752,5,Villanova,USA
77904,Ed Rains,1981,1982,1981,6,7,190,1610612759,15,South Alabama,USA
77905,Kurt Rambis,1981,1994,1980,6,8,213,1610612747,18,Santa Clara,USA
77906,Cal Ramsey,1959,1960,1959,6,4,200,1610612752,3,New York University,USA
77907,Frank Ramsey,1954,1963,1953,6,3,190,1610612738,23,Kentucky,USA
77908,Ray Ramsey,1948,1948,,6,2,165,1610610024,,Bradley,USA
77910,Wally Rank,1980,1980,1980,6,6,220,1610612746,30,San Jose State,USA
77911,Kelvin Ransey,1980,1985,1980,6,2,170,1610612751,14,Ohio State,USA
77912,Sam Ranzino,1951,1951,1951,6,1,185,1610612758,3,North Carolina State,USA
77914,Ed Ratleff,1973,1977,1973,6,6,195,1610612745,42,Long Beach State,USA
77915,Mike Ratliff,1972,1973,1972,6,10,230,1610612758,43,Wisconsin-Eau Claire,USA
77916,Leo Rautins,1983,1984,1983,6,8,215,1610612755,7,Syracuse,USA
77917,Clifford Ray,1971,1980,1971,6,9,230,1610612744,44,Oklahoma,USA
77918,Don Ray,1949,1949,1948,6,5,190,1610612737,96,Western Kentucky,USA
77919,Jim Ray,1956,1959,1956,6,0,180,1610612755,3,Toledo,USA
77920,Jamesearl Ray,1980,1982,1980,6,8,215,1610612743,43,Jacksonville,USA
77921,Craig Raymond,1968,1968,1967,6,11,235,1610612755,20,Brigham Young,USA
77922,Connie Rea,1953,1953,1953,6,3,175,1610610024,,Centenary-Louisiana,USA
77923,Joe Reaves,1973,1973,1973,6,5,210,1610612756,24,Bethel,USA
77925,Frank Reddout,1953,1953,1953,6,5,195,1610612758,21,Syracuse,USA
77926,Marlon Redmond,1978,1979,1977,6,6,188,1610612758,4,San Francisco,USA
77928,Ron Reed,1965,1966,1965,6,5,205,1610612765,20,Notre Dame,USA
77929,Willis Reed,1964,1973,1964,6,10,235,1610612752,19,Grambling,USA
77933,Don Rehfeldt,1950,1951,1950,6,6,210,1610610024,15,Wisconsin,USA
77936,Robert Reid,1977,1990,1977,6,8,205,1610612745,50,St. Mary's (TX),USA
77937,Billy Reid,1980,1980,1980,6,5,190,1610612744,31,San Francisco,USA
77938,Joseph Reiser,1947,1949,1947,5,11,165,1610610024,,New York University,USA
77939,Richard Rellford,1987,1987,1986,6,6,230,1610612759,42,Michigan,USA
77941,John Rennicke,1951,1951,1951,6,2,185,1610612737,,Drake,USA
77944,Kevin Restani,1974,1981,1974,6,9,225,1610612749,24,San Francisco,USA
77945,George Reynolds,1969,1969,1969,6,4,195,1610612765,10,Houston,USA
77946,Jerry Reynolds,1985,1995,1985,6,8,200,1610612749,44,Louisiana State,USA
77952,Micheal Ray Richardson,1978,1985,1978,6,5,189,1610612752,20,Montana,USA
77954,John Richter,1959,1959,1959,6,9,225,1610612738,16,North Carolina State,USA
77955,Dick Ricketts,1955,1957,1955,6,7,215,1610612758,24,Duquesne,USA
77957,Jackie Ridgle,1971,1971,1971,6,4,195,1610612739,23,California,USA
77960,Tom Riker,1972,1974,1972,6,10,225,1610612752,6,South Carolina,USA
77962,Pat Riley,1967,1975,1967,6,4,205,1610612747,12,Kentucky,USA
77963,Bob Riley,1970,1970,1970,6,9,235,1610612737,12,Mount St. Mary's,USA
77964,Ron Riley,1972,1975,1972,6,8,195,1610612745,31,Southern California,USA
77966,Mike Riordan,1968,1976,1967,6,4,200,1610612764,6,Providence,USA
77967,Arnie Risen,1948,1957,,6,9,200,1610612758,19,Ohio State,USA
77969,Ramon Rivas,1988,1988,,6,10,260,1610612738,45,Temple,Puerto Rico
77972,Lee Robbins,1947,1948,,6,3,175,1610610032,,Colorado,USA
77973,Rick Roberson,1969,1975,1969,6,9,231,1610612747,50,Cincinnati,USA
77975,Anthony Roberts,1977,1983,1977,6,5,185,1610612743,30,Oral Roberts,USA
77977,Joe Roberts,1960,1962,1960,6,6,214,1610612755,12,Ohio State,USA
77978,Marv Roberts,1976,1976,1971,6,8,200,1610612747,30,Utah State,USA
77979,Bill Roberts,1948,1949,,,,,1610610034,,Wyoming,USA
77983,Tony Robertson,1977,1978,1977,6,4,195,1610612737,25,West Virginia,USA
77984,Rick Robey,1978,1985,1978,6,11,230,1610612738,8,Kentucky,USA
77986,Cliff T. Robinson,1979,1991,1979,6,9,220,1610612739,43,Southern California,USA
77988,Flynn Robinson,1966,1972,1965,6,1,185,1610612758,21,Wyoming,USA
77989,Jackie Robinson,1978,1981,1978,6,6,210,1610612760,8,UNLV,USA
77993,Truck Robinson,1974,1984,1974,6,7,225,1610612756,21,Tennessee State,USA
77994,Oliver Robinson,1982,1982,1982,6,4,180,1610612759,1,Alabama-Birmingham,USA
77996,Wayne Robinson,1980,1980,1980,6,8,217,1610612765,,Virginia Tech,USA
77997,Bill Robinzine,1975,1981,1975,6,7,230,1610612758,52,DePaul,USA
77998,Dave Robisch,1976,1983,1971,6,10,235,1610612743,35,Kansas,USA
77999,Red Rocha,1947,1956,1947,6,9,185,1610612755,6,Oregon State,USA
78000,John Roche,1975,1981,1971,6,3,170,1610612743,10,South Carolina,USA
78001,Gene Rock,1947,1947,,5,9,155,1610610025,,Southern California,USA
78007,Johnny Rogers,1986,1987,1986,6,10,225,1610612758,32,California-Irvine,USA
78008,Marshall Rogers,1976,1976,1976,6,1,190,1610612744,11,Texas-Pan American,USA
78010,Al Roges,1953,1954,,6,4,195,1610610024,18,Long Island-Brooklyn,USA
78011,Ken Rohloff,1963,1963,1963,6,0,195,1610612737,,North Carolina State,USA
78012,Kenny Rollins,1948,1952,1948,6,0,168,1610610025,4,Kentucky,USA
78013,Phil Rollins,1958,1960,1956,6,2,185,1610612758,3,Louisville,USA
78014,Tree Rollins,1977,1994,1977,7,1,235,1610612737,30,Clemson,USA
78015,Lorenzo Romar,1980,1984,1980,6,1,175,1610612744,14,Washington,USA
78016,Robert Rose,1988,1988,,6,5,180,1610612746,42,George Mason,USA
78017,Alexander Rosenberg,1946,1946,,5,10,165,1610612744,15,St. Joseph's (PA),USA
78018,Lennie Rosenbluth,1957,1958,1957,6,4,190,1610612744,18,North Carolina,USA
78019,Hank Rosenstein,1946,1946,,6,4,185,1610612752,,City College of New York,USA
78020,Dick Rosenthal,1954,1956,1954,6,5,205,1610612765,15,Notre Dame,USA
78021,Doug Roth,1989,1989,1989,6,11,255,1610612764,13,Tennessee,USA
78022,Scott Roth,1987,1989,1985,6,8,212,1610612750,3,Wisconsin,USA
78023,Irv Rothenberg,1946,1948,1947,6,7,215,1610612752,3,Long Island-Brooklyn,USA
78024,Mickey Rottner,1946,1947,,5,10,180,1610610025,,Loyola-Chicago,USA
78025,Dan Roundfield,1976,1986,1975,6,8,205,1610612737,5,Central Michigan,USA
78026,Giff Roux,1946,1948,,6,5,195,1610610034,,Kansas,USA
78027,Ron Rowan,1986,1986,1986,6,5,200,1610612757,11,St. John's (NY),USA
78028,Curtis Rowe,1971,1978,1971,6,7,225,1610612765,41,UCLA,USA
78029,Jim Rowinski,1988,1989,1984,6,8,250,1610612748,50,Purdue,USA
78030,Derrick Rowland,1985,1985,1981,6,5,195,1610612749,12,SUNY-Potsdam,USA
78031,Brian Rowsom,1987,1989,1987,6,9,220,1610612766,32,North Carolina-Wilmington,USA
78033,Bob Royer,1949,1949,1949,5,10,155,1610610027,,Indiana State,USA
78035,Delaney Rudd,1989,1992,1985,6,2,180,1610612762,11,Wake Forest,USA
78036,John Rudd,1978,1978,1978,6,7,230,1610612752,52,McNeese State,USA
78037,John Rudometkin,1962,1964,1962,6,6,205,1610612752,34,Southern California,USA
78039,Paul Ruffner,1970,1974,1970,6,10,225,1610612746,22,Brigham Young,USA
78040,Joe Ruklick,1959,1961,1959,6,9,220,1610612744,17,Northwestern,USA
78042,Bob Rule,1967,1974,1967,6,9,220,1610612760,21,Colorado State,USA
78043,Jerry Rullo,1946,1949,,5,10,165,1610612744,7,Temple,USA
78045,Cazzie Russell,1966,1977,1966,6,5,218,1610612752,32,Michigan,USA
78046,Frank Russell,1972,1972,1972,6,3,180,1610612741,34,Detroit,USA
78047,Campy Russell,1974,1984,1974,6,8,215,1610612739,4,Michigan,USA
78048,Walker Russell,1982,1987,1982,6,5,195,1610612765,,Western Michigan,USA
78049,Bill Russell,1956,1968,1956,6,10,215,1610612738,6,San Francisco,USA
78050,Ed Sadowski,1946,1949,,6,5,240,1610612744,,Seton Hall,USA
78051,Kenny Sailors,1946,1950,,5,10,175,1610610032,,Wyoming,USA
78057,Frankie Sanders,1978,1980,1978,6,6,200,1610612738,4,Southern,USA
78059,Mike Sanders,1982,1992,1982,6,6,210,1610612756,33,UCLA,USA
78060,Thomas Sanders,1960,1972,1960,6,6,210,1610612738,16,New York University,USA
78061,Bob Santini,1955,1955,1953,6,5,190,1610612752,5,Iona,USA
78062,Wayne Sappleton,1984,1984,1982,6,9,215,1610612751,44,Loyola-Chicago,USA
78063,Frank Saul,1949,1954,1949,6,2,185,1610612747,10,Seton Hall,USA
78064,Woody Sauldsberry,1957,1965,1957,6,7,220,1610612744,18,Texas Southern,USA
78065,Fred Saunders,1974,1977,1974,6,7,210,1610612738,12,Syracuse,USA
78066,Don Savage,1951,1956,1951,6,3,205,1610612755,15,Le Moyne,USA
78067,Alan Sawyer,1950,1950,1950,6,5,195,1610610036,,UCLA,USA
78068,Dewayne Scales,1980,1983,1980,6,8,208,1610612752,32,Louisiana State,USA
78069,Frank Schade,1972,1972,1972,6,1,170,1610612758,15,Wisconsin-Eau Claire,USA
78070,Ben Schadler,1947,1947,1947,6,0,185,1610610025,,Northwestern,USA
78071,Herm Schaefer,1948,1949,,6,0,175,1610612747,10,Indiana,USA
78072,Bob Schafer,1955,1955,1955,6,3,195,1610612737,27,Villanova,USA
78073,Ben Scharnus,1946,1948,,6,2,173,1610610026,,Seton Hall,USA
78074,Marv Schatzman,1949,1949,1949,6,5,200,1610610024,,St. Louis,USA
78076,Dolph Schayes,1949,1963,1948,6,8,195,1610612755,4,New York University,USA
78078,Ossie Schectman,1946,1946,,6,0,175,1610612752,6,Long Island-Brooklyn,USA
78080,Tom Scheffler,1984,1984,1977,6,11,240,1610612757,50,Purdue,USA
78081,Dave Schellhase,1966,1967,1966,6,3,205,1610612741,8,Purdue,USA
78082,Herb Scherer,1950,1951,1950,6,9,212,1610612737,19-22,Long Island-Brooklyn,USA
78084,Dale Schlueter,1968,1977,1967,6,10,225,1610612757,54,Colorado State,USA
78086,Dick Schnittker,1950,1957,1950,6,5,200,1610612747,15,Ohio State,USA
78087,Russ Schoene,1982,1988,1982,6,10,210,1610612760,40,Tennessee-Chattanooga,USA
78088,Dave Scholz,1969,1969,1969,6,8,220,1610612755,25,Illinois,USA
78089,Milt Schoon,1946,1949,,6,7,230,1610610033,,Valparaiso,USA
78091,Howie Schultz,1949,1952,,6,6,200,1610612747,15,Hamline,USA
78092,Dick Schulz,1946,1949,,6,2,192,1610610036,,Wisconsin,USA
78094,Freddie Scolari,1946,1954,,5,11,180,1610610036,24,San Francisco,USA
78100,Ray Scott,1961,1969,1961,6,9,215,1610612765,31,Portland,USA
78102,Carey Scurry,1985,1987,1985,6,7,188,1610612762,20,Long Island-Brooklyn,USA
78103,Bruce Seals,1975,1977,1975,6,8,210,1610612760,45,Xavier of Louisiana,USA
78106,Ken Sears,1955,1963,1955,6,9,198,1610612752,17,Santa Clara,USA
78107,Wayne See,1949,1949,,6,3,190,1610610037,,Northern Arizona,USA
78109,Glen Selbo,1949,1949,1947,6,3,196,1610610033,,Wisconsin,USA
78110,Brad Sellers,1986,1992,1986,7,0,210,1610612741,4,Ohio State,USA
78111,Phil Sellers,1976,1976,1976,6,4,195,1610612765,11,Rutgers,USA
78112,Rollie Seltz,1949,1949,,5,10,165,1610610023,,Hamline,USA
78113,Frank Selvy,1954,1963,1954,6,2,180,1610612747,11,Furman,USA
78114,Jim Seminoff,1946,1949,,6,2,190,1610612738,15,Southern California,USA
78116,Tom Sewell,1984,1984,1984,6,5,185,1610612764,32,Lamar,USA
78117,Paul Seymour,1947,1959,,6,1,180,1610612755,5,Toledo,USA
78118,Nick Shaback,1946,1946,,5,11,180,1610610026,,James Monroe HS (NY),USA
78120,Carl Shaeffer,1949,1950,,6,3,185,1610610030,,Alabama,USA
78121,Lee Shaffer,1961,1963,1960,6,7,220,1610612755,22,North Carolina,USA
78123,Earl Shannon,1946,1948,,5,11,170,1610610032,,Rhode Island,USA
78124,Howie Shannon,1948,1949,1949,6,2,175,1610612738,8,Kansas State,USA
78125,Charlie Share,1951,1959,1950,6,11,235,1610612737,13,Bowling Green,USA
78126,Bill Sharman,1950,1960,1950,6,1,175,1610612738,21,Southern California,USA
78128,Ron Shavlik,1956,1957,1956,6,8,200,1610612752,16,North Carolina State,USA
78130,Bob Shea,1946,1946,,6,2,194,1610610032,,Rhode Island,USA
78131,Fred Sheffield,1946,1946,,6,2,165,1610612744,4,Utah,USA
78132,Craig Shelton,1980,1981,1980,6,7,210,1610612737,11,Georgetown,USA
78133,Lonnie Shelton,1976,1985,1976,6,8,240,1610612760,8,Oregon State,USA
78135,Steve Sheppard,1977,1978,1977,6,6,215,1610612741,27,Maryland,USA
78136,Edmund Sherod,1982,1982,1981,6,2,170,1610612752,13,Virginia Commonwealth,USA
78138,Gene Short,1975,1975,1975,6,6,200,1610612752,20,Jackson State,USA
78139,Purvis Short,1978,1989,1978,6,7,210,1610612744,45,Jackson State,USA
78140,Dexter Shouse,1989,1989,1985,6,2,200,1610612755,14,South Alabama,USA
78143,John Shumate,1975,1980,1974,6,9,235,1610612746,34,Notre Dame,USA
78145,Mark Sibley,1973,1973,1973,6,2,175,1610612757,11,Northwestern,USA
78146,Jerry Sichting,1980,1989,1979,6,1,168,1610612754,12,Purdue,USA
78147,Larry Siegfried,1963,1971,1961,6,3,190,1610612738,20,Ohio State,USA
78148,Ralph Siewert,1946,1946,,7,1,230,1610610035,,Dakota Wesleyan,USA
78150,James Silas,1976,1981,1972,6,1,180,1610612759,13,Stephen F. Austin,USA
78151,Paul Silas,1964,1979,1964,6,7,220,1610612737,36,Creighton,USA
78152,Mike Silliman,1970,1970,1966,6,6,225,1610612746,4-27,Army,USA
78157,Ralph Simpson,1976,1979,1972,6,5,200,1610612765,44,Michigan State,USA
78159,Doug Sims,1968,1968,,6,7,195,1610612758,11,Kent State,USA
78160,Bob Sims,1961,1961,1960,6,5,220,1610612737,12,Pepperdine,USA
78161,Scott Sims,1977,1977,1977,6,1,170,1610612759,20,Missouri,USA
78162,Mckinley Singleton,1986,1986,1984,6,5,175,1610612752,26,Alabama-Birmingham,USA
78163,Zeke Sinicola,1951,1953,1951,5,10,165,1610612765,5,Niagara,USA
78164,Charlie Sitton,1984,1984,1984,6,8,210,1610612742,52,Oregon State,USA
78167,Al Skinner,1976,1979,1974,6,3,190,1610612751,30,Massachusetts,USA
78168,Talvin Skinner,1974,1975,1974,6,5,195,1610612760,22,Maryland-Eastern Shore,USA
78169,Whitey Skoog,1951,1956,1951,5,11,180,1610612747,20,Minnesota,USA
78170,Jeff Slade,1962,1962,1962,6,6,220,1610612764,34,Kenyon,USA
78171,Jim Slaughter,1951,1951,1951,6,11,210,1610610024,,South Carolina,USA
78172,Jose Slaughter,1982,1982,1982,6,5,205,1610612754,21,Portland,USA
78173,Jerry Sloan,1965,1975,1965,6,5,195,1610612741,4,Evansville,USA
78174,Tom Sluby,1984,1984,1984,6,4,200,1610612742,7,Notre Dame,USA
78175,Keith Smart,1988,1988,1988,6,1,175,1610612759,3,Indiana,USA
78176,Belus Smawley,1946,1951,,6,1,195,1610610034,,Appalachian State,USA
78177,Jack Smiley,1948,1949,,6,3,190,1610612765,,Illinois,USA
78178,Adrian Smith,1961,1970,1958,6,1,180,1610612758,10,Kentucky,USA
78179,Charles Smith,1989,1995,,6,1,160,1610612738,,Georgetown,USA
78181,Clinton Smith,1986,1990,1986,6,6,210,1610612744,22,Cleveland State,USA
78183,Derek Smith,1982,1990,1982,6,6,205,1610612746,43,Louisville,USA
78184,Don Smith,1974,1974,1974,6,0,160,1610612755,10,Dayton,USA
78185,Donald Smith,1948,1948,1947,6,2,190,1610612747,,Minnesota,USA
78187,Ed Smith,1953,1953,1951,6,6,180,1610612752,14,Harvard,USA
78188,Elmore Smith,1971,1978,1971,7,1,250,1610612747,3,Kentucky State,USA
78189,Garfield Smith,1970,1971,1968,6,9,235,1610612738,33,Eastern Kentucky,USA
78190,Greg Smith,1968,1975,1968,6,5,195,1610612749,4,Western Kentucky,USA
78191,Jim Smith,1981,1982,1981,6,9,225,1610612746,32,Ohio State,USA
78192,Keith Smith,1986,1986,1986,6,3,180,1610612749,11,Loyola-Marymount,USA
78194,Labradford Smith,1991,1993,1991,6,3,200,1610612764,34,Louisville,USA
78195,Larry Smith,1980,1992,1980,6,8,215,1610612744,2,Alcorn State,USA
78197,Michael Smith,1989,1994,1989,6,10,225,1610612738,,Brigham Young,USA
78198,Otis Smith,1986,1991,1986,6,5,210,1610612753,32,Jacksonville,USA
78199,Phil Smith,1974,1982,1974,6,4,185,1610612744,20,San Francisco,USA
78202,Bingo Smith,1969,1979,1969,6,5,195,1610612739,7,Tulsa,USA
78205,Sammy Smith,1978,1979,1977,6,4,200,1610612741,28,UNLV,USA
78207,Bill Smith,1971,1972,1971,7,0,220,1610612757,43,Syracuse,USA
78208,Willie Smith,1976,1979,1976,6,2,170,1610612739,11,Missouri,USA
78209,Bill Smith,1961,1961,1961,6,5,190,1610612752,,St. Peter's,USA
78212,Joe Smyth,1953,1953,1953,6,3,215,1610610024,,Niagara,USA
78214,George Sobek,1949,1949,,6,0,180,1610610033,,Notre Dame,USA
78215,Ricky Sobers,1975,1985,1975,6,3,198,1610612741,14,UNLV,USA
78216,Ron Sobie,1956,1959,1956,6,3,185,1610612752,17,DePaul,USA
78217,Mike Sojourner,1974,1976,1974,6,9,225,1610612737,40,Utah,USA
78219,Willie Somerset,1965,1965,1965,5,8,170,1610612764,24,Duquesne,USA
78220,Dave Sorenson,1970,1972,1970,6,8,225,1610612739,35,Ohio State,USA
78221,Gino Sovran,1946,1946,,6,2,175,1610610035,,Detroit,USA
78223,Guy Sparrow,1957,1959,1955,6,6,218,1610612752,16,Detroit,USA
78225,Odie Spears,1948,1956,1948,6,5,205,1610612758,15,Western Kentucky,USA
78226,Art Spector,1946,1949,,6,4,200,1610612738,12,Villanova,USA
78227,Andre Spencer,1992,1993,,6,6,210,1610612758,20,Northern Arizona,USA
78230,Lou Spicer,1946,1946,,6,2,195,1610610032,,Syracuse,USA
78232,Art Spoelstra,1954,1957,1954,6,9,220,1610612758,27,Western Kentucky,USA
78233,Larry Spriggs,1981,1985,1981,6,7,230,1610612747,35,Howard,USA
78234,Jim Springer,1948,1948,1956,6,9,235,1610610029,,Canterbury,USA
78235,Jim Spruill,1948,1948,,6,2,225,1610610029,,Rice,USA
78237,Kevin Stacom,1974,1981,1974,6,3,185,1610612738,20,Providence,USA
78238,Dave Stallworth,1965,1974,1965,6,7,200,1610612752,9,Wichita State,USA
78239,Isaac Stallworth,1972,1976,1972,6,5,190,1610612762,15,Kansas,USA
78240,Ed Stanczak,1949,1950,,6,1,185,1610610023,19-21,Central HS (IN),USA
78244,Larry Staverman,1958,1963,1958,6,7,205,1610612758,13,Thomas More,USA
78245,Larry Steele,1971,1979,1971,6,5,180,1610612757,15,Kentucky,USA
78251,Barry Stevens,1992,1992,1985,6,5,195,1610612744,34,Iowa State,USA
78252,Wayne Stevens,1959,1959,1958,6,3,185,1610612758,20,Cincinnati,USA
78253,Dennis Stewart,1970,1970,1969,6,6,220,1610612764,40,Michigan,USA
78256,Norm Stewart,1956,1956,1956,6,5,205,1610612737,22,Missouri,USA
78257,Steve Stipanovich,1983,1987,1983,6,11,245,1610612754,40,Missouri,USA
78259,Sam Stith,1961,1961,1960,6,2,185,1610612752,17,St. Bonaventure,USA
78261,Alex Stivrins,1985,1992,1985,6,8,220,1610612756,11,Colorado,USA
78264,Greg Stokes,1985,1989,1985,6,10,220,1610612755,41,Iowa,USA
78266,Art Stolkey,1946,1946,,6,1,180,1610610028,,Detroit,USA
78267,Paul Stovall,1972,1972,1972,6,4,215,1610612756,23,Arizona State,USA
78269,Bill Stricker,1970,1970,1970,6,8,210,1610612757,34,Pacific,USA
78270,Roger Strickland,1963,1963,1963,6,5,200,1610612764,16,Jacksonville,USA
78271,John Stroeder,1987,1988,1980,6,10,260,1610612749,25,Montana,USA
78273,Lamont Strothers,1991,1992,1991,6,4,190,1610612742,10,Christopher Newport,USA
78274,John Stroud,1980,1980,1980,6,7,215,1610612745,42,Mississippi,USA
78275,Gene Stump,1947,1949,1947,6,2,185,1610612738,,DePaul,USA
78277,Gary Suiter,1970,1970,,6,9,225,1610612739,40,Midwestern State,USA
78278,Don Sunderlage,1953,1954,1951,6,1,180,1610612737,18,Illinois,USA
78279,Jon Sundvold,1983,1991,1983,6,2,170,1610612759,20,Missouri,USA
78280,Dick Surhoff,1952,1953,1952,6,4,210,1610612737,6,Long Island-Brooklyn,USA
78281,Dane Suttle,1983,1984,1983,6,3,190,1610612758,2,Pepperdine,USA
78283,Bennie Swain,1958,1958,1958,6,8,220,1610612738,16,Texas Southern,USA
78284,Norm Swanson,1953,1953,1953,6,6,210,1610612758,12,Detroit,USA
78285,Dan Swartz,1962,1962,1956,6,4,215,1610612738,12,Morehead State,USA
78286,Aaron Swinson,1994,1994,,6,5,230,1610612756,4,Auburn,USA
78287,Wallace Sydnor,1946,1946,,5,10,175,1610610025,,Western Kentucky,USA
78293,Roy Tarpley,1986,1994,1986,7,0,230,1610612742,42,Michigan,USA
78294,Earl Tatum,1976,1979,1976,6,4,185,1610612747,43,Marquette,USA
78295,Anthony Taylor,1988,1988,1988,6,4,175,1610612748,3,Oregon,USA
78296,Brian Taylor,1976,1981,1972,6,2,185,1610612746,14,Princeton,USA
78297,Jay Taylor,1989,1989,,6,3,190,1610612751,24,Eastern Illinois,USA
78298,Fred Taylor,1970,1971,1970,6,5,180,1610612756,23,Texas-Pan American,USA
78299,Jeff Taylor,1982,1986,1982,6,4,175,1610612745,,Texas Tech,USA
78302,Roland Taylor,1976,1976,1969,6,0,175,1610612743,,La Salle,USA
78303,Vince Taylor,1982,1982,1982,6,5,180,1610612752,8,Duke,USA
78304,Terry Teagle,1982,1992,1982,6,5,195,1610612744,10,Baylor,USA
78305,Ira Terrell,1976,1978,1976,6,8,200,1610612756,34,Southern Methodist,USA
78306,Chuck Terry,1972,1976,1972,6,6,215,1610612749,12,Long Beach State,USA
78307,Carlos Terry,1980,1982,1978,6,4,210,1610612764,12,Winston-Salem State,USA
78308,Claude Terry,1976,1977,1972,6,5,195,1610612737,12,Stanford,USA
78309,Tom Thacker,1963,1967,1963,6,2,170,1610612758,12,Cincinnati,USA
78310,Reggie Theus,1978,1990,1978,6,6,190,1610612741,24,UNLV,USA
78311,Peter Thibeaux,1984,1985,1983,6,7,210,1610612744,7,St. Mary's (CA),USA
78312,Bill Thieben,1956,1957,1956,6,6,215,1610612765,9,Hofstra,USA
78313,Justus Thigpen,1972,1973,1969,6,1,160,1610612765,23,Weber State,USA
78314,David Thirdkill,1982,1986,1982,6,7,195,1610612738,45,Bradley,USA
78316,Charles Thomas,1991,1991,,6,3,175,1610612765,14,Eastern Michigan,USA
78317,Irving Thomas,1990,1990,,6,8,225,1610612747,30,Florida State,USA
78318,Isiah Thomas,1981,1993,1981,6,1,180,1610612765,11,Indiana,USA
78320,Jim Thomas,1983,1990,1983,6,3,190,1610612754,20,Indiana,USA
78321,Joe Thomas,1970,1970,1970,6,6,205,1610612756,40,Marquette,USA
78322,Terry Thomas,1975,1975,1975,6,8,220,1610612765,50,Detroit,USA
78323,Bernard Thompson,1984,1988,1984,6,6,210,1610612756,25,Fresno State,USA
78325,Corny Thompson,1982,1982,1982,6,8,225,1610612742,25,Connecticut,USA
78326,David Thompson,1976,1983,1975,6,4,195,1610612743,33,North Carolina State,USA
78329,Kevin Thompson,1993,1993,1993,6,11,260,1610612757,35,North Carolina State,USA
78331,Mychal Thompson,1978,1990,1978,6,10,226,1610612757,43,Minnesota,USA
78333,Stephen Thompson,1991,1991,,6,4,185,1610612758,5,Syracuse,USA
78335,Rod Thorn,1963,1970,1963,6,4,195,1610612760,44,West Virginia,USA
78340,Mel Thurston,1947,1947,,6,0,175,1610610032,,Canisius,USA
78341,Howard Tidrick,1948,1948,,6,1,190,1610610024,,Washington & Jefferson,USA
78342,Dan Tieman,1962,1962,,6,0,185,1610612758,41,Thomas More,USA
78343,Darren Tillis,1982,1983,1982,6,11,215,1610612744,22,Cleveland State,USA
78348,Ray Tolbert,1981,1988,1981,6,9,225,1610612760,44,Indiana,USA
78349,Dean Tolson,1974,1977,1974,6,8,190,1610612760,20,Arkansas,USA
78350,Rudy Tomjanovich,1970,1980,1970,6,8,218,1610612745,45,Michigan,USA
78351,Andrew Toney,1980,1987,1980,6,3,178,1610612755,22,Louisiana-Lafayette,USA
78352,Sedric Toney,1985,1993,1985,6,2,178,1610612737,4,Dayton,USA
78353,Andy Tonkovich,1948,1948,1948,6,1,185,1610610032,,Marshall,USA
78356,Bernard Toone,1979,1979,1979,6,9,210,1610612755,3,Marquette,USA
78357,Irv Torgoff,1946,1948,,6,1,192,1610610036,,Long Island-Brooklyn,USA
78359,Bill Tosheff,1951,1953,1951,6,1,175,1610610030,9,Indiana,USA
78360,Bob Tough,1948,1949,,6,0,185,1610612765,,St. John's (NY),USA
78361,Monte Towe,1976,1976,1975,5,7,150,1610612743,13,North Carolina State,USA
78363,William Towery,1948,1949,,6,4,210,1610610024,,Western Kentucky,USA
78365,Raymond Townsend,1978,1981,1978,6,3,175,1610612744,11,UCLA,USA
78366,George Trapp,1971,1976,1971,6,8,205,1610612765,31,Long Beach State,USA
78367,John Trapp,1968,1972,1968,6,7,210,1610612745,31,UNLV,USA
78368,Dick Triptow,1948,1949,,6,0,170,1610612765,,DePaul,USA
78369,Kelly Tripucka,1981,1990,1981,6,6,220,1610612765,7,Notre Dame,USA
78370,John Tschogl,1972,1974,,6,6,206,1610612737,26,California-Santa Barbara,USA
78371,Lou Tsioropoulos,1956,1958,1953,6,5,190,1610612738,20,Kentucky,USA
78372,Al Tucker,1967,1970,1967,6,8,190,1610612760,35,Oklahoma Baptist,USA
78374,Jim Tucker,1954,1956,1954,6,7,185,1610612755,17,Duquesne,USA
78375,Trent Tucker,1982,1992,1982,6,5,193,1610612752,6,Minnesota,USA
78377,Andre Turner,1986,1991,1986,5,11,160,1610612764,1,Memphis,USA
78378,Elston Turner,1981,1988,1981,6,5,190,1610612743,21,Mississippi,USA
78379,Henry Turner,1989,1994,,6,7,200,1610612758,9,California State-Fullerton,USA
78380,Jack Turner,1954,1954,1954,6,4,170,1610612752,16,Western Kentucky,USA
78385,Bill Turner,1967,1972,1967,6,7,220,1610612744,34,Akron,USA
78386,Mel Turpin,1984,1989,1984,6,11,240,1610612739,50,Kentucky,USA
78387,Dave Twardzik,1976,1979,1972,6,1,175,1610612757,13,Old Dominion,USA
78388,Jack Twyman,1955,1965,1955,6,6,210,1610612758,27,Cincinnati,USA
78390,Terry Tyler,1978,1988,1978,6,7,215,1610612765,41,Detroit,USA
78391,Charlie Tyra,1957,1961,1957,6,8,230,1610612752,14,Louisville,USA
78392,Wes Unseld,1968,1980,1968,6,7,245,1610612764,41,Louisville,USA
78393,Hal Uplinger,1953,1953,,6,4,185,1610610024,,Long Island-Brooklyn,USA
78394,Kelvin Upshaw,1988,1990,,6,2,180,1610612742,5,Utah,USA
78395,Darnell Valentine,1981,1990,1981,6,2,183,1610612757,1,Kansas,USA
78396,Ron Valentine,1980,1980,1980,6,7,210,1610612743,42,Old Dominion,USA
78397,John Vallely,1970,1971,1970,6,3,185,1610612737,33,UCLA,USA
78398,Dick Van Arsdale,1965,1976,1965,6,5,210,1610612756,5,Indiana,USA
78399,Tom Van Arsdale,1965,1976,1965,6,5,202,1610612758,4,Indiana,USA
78400,Jan Van Breda Kolff,1976,1982,1974,6,7,195,1610612751,22,Vanderbilt,USA
78401,Butch Van Breda Kolff,1946,1949,,6,3,185,1610612752,17,New York University,USA
78402,Gene Vance,1947,1951,1947,6,3,195,1610610025,11,Illinois,USA
78403,Log Vander Velden,1995,1995,,6,8,215,1610612746,25,Wisconsin-Green Bay,USA
78404,Kiki Vandeweghe,1980,1992,1980,6,8,220,1610612743,55,UCLA,USA
78406,Norm Van Lier,1969,1978,1969,6,1,173,1610612741,4,St. Francis (PA),USA
78407,Nick Vanos,1985,1986,1985,7,1,255,1610612756,30,Santa Clara,USA
78409,Charles Vaughn,1962,1966,1962,6,3,190,1610612737,10,Southern Illinois,USA
78411,Virgil Vaughn,1946,1946,,6,4,205,1610612738,17,Western Kentucky,USA
78413,Bob Verga,1973,1973,1967,6,1,190,1610612757,17,Duke,USA
78414,Peter Verhoeven,1981,1986,1981,6,9,215,1610612757,50,Fresno State,USA
78415,Gundars Vetra,1992,1992,,6,6,195,1610612750,2,VEF Riga,Latvia
78416,Joao Vianna,1991,1991,,6,9,215,1610612742,31,Travajara,Brazil
78417,Sam Vincent,1985,1991,1985,6,2,185,1610612753,11,Michigan State,USA
78418,Jay Vincent,1981,1989,1981,6,7,220,1610612742,3,Michigan State,USA
78419,Gary Voce,1989,1989,,6,9,240,1610612739,54,Notre Dame,USA
78420,Floyd Volker,1949,1949,,6,4,205,1610610027,,Wyoming,USA
78421,Alexander Volkov,1989,1991,1986,6,10,218,1610612737,8,Stroitel,Ukraine
78422,Whitey Von Nieda,1949,1949,,,,,1610610024,,Penn State,USA
78423,Danny Vranes,1981,1987,1981,6,7,210,1610612760,20,Utah,USA
78425,Brett Vroman,1980,1980,1978,7,0,220,1610612762,52,UNLV,USA
78426,Mark Wade,1987,1989,,5,11,160,1610612744,10,UNLV,USA
78427,Clint Wager,1949,1949,,6,5,210,1610612765,17,St. Mary's (MN),USA
78428,Danny Wagner,1949,1949,,6,0,170,1610610033,,Texas-Austin,USA
78429,Milt Wagner,1987,1990,1986,6,5,185,1610612747,25,Louisville,USA
78431,Andre Wakefield,1978,1979,1978,6,2,175,1610612765,15,Loyola-Chicago,USA
78432,Neal Walk,1969,1976,1969,6,10,220,1610612756,41,Florida,USA
78433,Andy Walker,1976,1976,1976,6,4,190,1610612762,41,Niagara,USA
78434,Brady Walker,1948,1951,1948,6,6,205,1610610024,,Brigham Young,USA
78435,Chet Walker,1962,1974,1962,6,7,212,1610612755,25,Bradley,USA
78436,Foots Walker,1974,1983,1974,6,1,172,1610612739,1,West Georgia,USA
78437,Darrell Walker,1983,1992,1983,6,4,180,1610612764,20,Arkansas,USA
78438,Horace Walker,1961,1961,1960,6,3,210,1610612764,15,Michigan State,USA
78439,Jimmy Walker,1967,1975,1967,6,3,195,1610612765,24,Providence,USA
78440,Kenny Walker,1986,1994,1986,6,8,210,1610612752,15,Kentucky,USA
78441,Phil Walker,1977,1977,1977,6,3,180,1610612764,20,Millersville,USA
78442,Wally Walker,1976,1983,1976,6,8,190,1610612760,42,Virginia,USA
78443,Michael Wallace,1946,1946,,6,1,185,1610610035,,Scranton,USA
78444,Dwight Waller,1968,1968,1968,6,6,220,1610612737,16-34,Tennessee State,USA
78445,Jamie Waller,1987,1987,1987,6,4,215,1610612751,15,Virginia Union,USA
78446,Jim Walsh,1957,1957,1952,6,4,195,1610612744,20,Stanford,USA
78448,Rabbit Walthour,1953,1953,,5,11,163,1610612737,,Benjamin Franklin HS (NY),USA
78449,Lloyd Walton,1976,1980,1976,6,0,160,1610612749,11  12,Marquette,USA
78453,Bobby Wanzer,1948,1956,1948,6,0,170,1610612758,9,Seton Hall,USA
78455,Gerry Ward,1963,1966,1963,6,4,195,1610612741,6,Boston College,USA
78456,Henry Ward,1976,1976,1975,6,4,195,1610612759,15,Jackson State,USA
78457,Jim Ware,1966,1967,1966,6,7,210,1610612758,27,Oklahoma City,USA
78458,Ben Warley,1962,1966,1961,6,5,200,1610612755,33,Tennessee State,USA
78460,Cornell Warner,1970,1976,1970,6,9,220,1610612749,20-30,Jackson State,USA
78461,Johnny Warren,1969,1973,1969,6,3,180,1610612739,,St. John's (NY),USA
78462,Bryan Warrick,1982,1985,1982,6,5,195,1610612764,12,St. Joseph's (PA),USA
78463,Chris Washburn,1986,1987,1986,6,11,225,1610612744,50,North Carolina State,USA
78464,Duane Washington,1987,1992,1987,6,4,195,1610612751,10,Middle Tennessee State,USA
78465,Dwayne Washington,1986,1988,1986,6,2,190,1610612751,31,Syracuse,USA
78466,Jim Washington,1965,1975,1965,6,7,210,1610612737,12,Villanova,USA
78467,Kermit Washington,1973,1987,1973,6,8,230,1610612747,3,American,USA
78468,Richard Washington,1976,1981,1976,6,10,220,1610612758,31,UCLA,USA
78469,Bobby Washington,1970,1971,,5,11,175,1610612739,17,Eastern Kentucky,USA
78471,Wilson Washington,1977,1978,1977,6,9,227,1610612751,42,Old Dominion,USA
78473,Slick Watts,1973,1978,,6,1,175,1610612760,00,Xavier of Louisiana,USA
78474,Ron Watts,1965,1966,1965,6,6,210,1610612738,12,Wake Forest,USA
78475,Nick Weatherspoon,1973,1979,1973,6,7,195,1610612764,12,Illinois,USA
78477,Jeff Webb,1970,1971,,6,4,170,1610612749,10,Kansas State,USA
78478,Marcus Webb,1992,1992,,6,9,255,1610612738,41,Alabama,USA
78479,Forest Weber,1946,1946,,6,6,225,1610610032,,Purdue,USA
78482,Scott Wedman,1974,1986,1974,6,7,215,1610612758,8,Colorado,USA
78484,Brant Weidner,1983,1983,1983,6,9,230,1610612759,25,William & Mary,USA
78485,Bob Weiss,1965,1976,1965,6,3,180,1610612741,8,Penn State,USA
78488,Owen Wells,1974,1974,1974,6,7,200,1610612745,30,Detroit,USA
78489,Ralph Wells,1962,1962,,6,1,180,1610612764,23,Northwestern,USA
78492,Matt Wenstrom,1993,1993,,7,1,250,1610612738,50,North Carolina,USA
78494,Ray Wertis,1946,1947,,5,11,,1610610026,,St. John's (NY),USA
78495,Walt Wesley,1966,1975,1966,6,11,220,1610612758,21,Kansas,USA
78497,Jerry West,1960,1973,1960,6,3,175,1610612747,44,West Virginia,USA
78499,Roland West,1967,1967,1967,6,4,178,1610612764,15,Cincinnati,USA
78500,Paul Westphal,1972,1983,1972,6,4,195,1610612756,44,Southern California,USA
78504,Clinton Wheeler,1987,1988,1981,6,1,185,1610612754,11,William Paterson,USA
78506,Lucian Whitaker,1954,1954,1952,6,1,180,1610612738,5,Kentucky,USA
78507,Eric White,1987,1988,1987,6,8,200,1610612746,12,Pepperdine,USA
78508,Herb White,1970,1970,1970,6,2,195,1610612737,34,Georgia,USA
78509,Hubie White,1962,1963,1962,6,4,205,1610612744,23,Villanova,USA
78510,Jojo White,1969,1980,1969,6,3,190,1610612738,10,Kansas,USA
78512,Rory White,1982,1986,1982,6,8,210,1610612746,22,South Alabama,USA
78513,Rudy White,1975,1980,1975,6,2,195,1610612745,10,Arizona State,USA
78514,Tony White,1987,1987,1987,6,2,170,1610612744,4,Tennessee,USA
78515,Willie White,1984,1985,1984,6,3,195,1610612743,10,Tennessee-Chattanooga,USA
78516,Jerome Whitehead,1978,1988,1978,6,10,220,1610612744,6,Marquette,USA
78519,Charles Whitney,1980,1981,1980,6,5,235,1610612758,43,North Carolina State,USA
78521,Murray Wier,1949,1949,1948,5,9,155,1610612737,17,Iowa,USA
78522,Bob Wiesenhahn,1961,1961,1961,6,4,215,1610612758,71,Cincinnati,USA
78524,Ken Wilburn,1967,1968,1966,6,6,195,1610612741,9,Central State,USA
78525,D.C. Wilcutt,1948,1949,1948,6,2,165,1610610034,,St. Louis,USA
78526,Gene Wiley,1962,1965,1962,6,10,210,1610612747,12,Wichita State,USA
78527,Michael Wiley,1980,1981,1980,6,9,200,1610612746,21,Long Beach State,USA
78528,Morlon Wiley,1988,1994,1988,6,4,185,1610612742,11,Long Beach State,USA
78529,Win Wilfong,1957,1960,1957,6,2,185,1610612758,41,Memphis,USA
78530,Lenny Wilkens,1960,1974,1960,6,1,180,1610612737,19,Providence,USA
78531,Bob Wilkerson,1976,1982,1976,6,6,195,1610612743,33,Indiana,USA
78532,Jamaal Wilkes,1974,1985,1974,6,6,190,1610612747,52,UCLA,USA
78533,James Wilkes,1980,1982,1980,6,7,195,1610612741,34,UCLA,USA
78534,Eddielee Wilkins,1984,1992,1984,6,10,220,1610612752,55,Gardner-Webb,USA
78537,Jeff Wilkins,1980,1985,1977,6,10,230,1610612762,45,Illinois State,USA
78538,Dale Wilkinson,1984,1984,1982,6,10,220,1610612746,38,Idaho State,USA
78539,Arthur Williams,1967,1973,,6,1,180,1610612738,7,California State-Poly Pomona,USA
78540,Bernie Williams,1969,1970,1969,6,3,175,1610612745,35,La Salle,USA
78541,Chuckie Williams,1976,1976,1976,6,3,180,1610612739,15,Kansas State,USA
78543,Cliff Williams,1968,1968,,6,3,180,1610612765,12,Bowling Green,USA
78545,Don Williams,1979,1979,1978,6,2,180,1610612762,20,Notre Dame,USA
78546,Earl Williams,1974,1978,1974,6,7,230,1610612756,52,Winston-Salem State,USA
78547,Chuck Williams,1976,1977,1968,6,2,175,1610612746,11,Colorado,USA
78548,Freeman Williams,1978,1985,1978,6,4,190,1610612746,20,Portland State,USA
78549,Gus Williams,1975,1986,1975,6,2,175,1610612760,1,Southern California,USA
78550,Guy Williams,1984,1985,1983,6,9,200,1610612764,34,Washington State,USA
78554,John Williams,1986,1994,1986,6,8,235,1610612764,24,Louisiana State,USA
78556,Kevin Williams,1983,1988,1983,6,2,175,1610612760,42,St. John's (NY),USA
78558,Mike Williams,1989,1989,1986,6,8,255,1610612758,35,Bradley,USA
78560,Milt Williams,1970,1973,1968,6,2,182,1610612760,12,Lincoln (MO),USA
78561,Nate Williams,1971,1978,1976,6,4,215,1610612758,33,Utah State,USA
78563,Rickey Williams,1982,1982,1978,6,1,175,1610612762,25,Long Beach State,USA
78564,Bob Williams,1955,1956,,6,6,230,1610612747,33,Florida A&M,USA
78565,Rob Williams,1982,1983,1982,6,2,175,1610612743,21,Houston,USA
78566,Pete Williams,1985,1986,1985,6,7,190,1610612743,31,Arizona,USA
78567,Ron Williams,1968,1975,1968,6,3,188,1610612744,15,West Virginia,USA
78568,Sam Williams,1968,1969,1968,6,3,180,1610612749,3,Iowa,USA
78569,Samuel Williams,1981,1984,1981,6,8,210,1610612744,,Arizona State,USA
78570,Sly Williams,1979,1985,1979,6,7,210,1610612752,35,Rhode Island,USA
78571,Ray Williams,1977,1986,1977,6,3,188,1610612752,13,Minnesota,USA
78573,Ward Williams,1948,1948,1948,6,4,195,1610612765,25,Indiana,USA
78575,John Williamson,1976,1980,1973,6,2,185,1610612751,23,New Mexico State,USA
78577,Bill Willoughby,1975,1983,1975,6,8,205,1610612745,34,Dwight Morrow HS (NJ),USA
78578,Othell Wilson,1984,1986,1984,6,0,190,1610612744,2,Virginia,USA
78579,George Wilson,1964,1970,1964,6,8,225,1610612755,33,Cincinnati,USA
78580,Isaiah Wilson,1971,1971,1971,6,2,175,1610612765,10,Baltimore,USA
78581,Mike Wilson,1983,1986,1982,6,3,175,1610612751,15,Marquette,USA
78582,Nikita Wilson,1987,1987,1987,6,8,200,1610612757,41,Louisiana State,USA
78583,Rick Wilson,1978,1979,1978,6,4,200,1610612737,42,Louisville,USA
78584,Ricky Wilson,1987,1987,1986,6,3,195,1610612759,15,George Mason,USA
78585,Bobby Wilson,1974,1977,1974,6,2,175,1610612741,7,Wichita State,USA
78586,Bob Wilson,1951,1951,,6,4,185,1610612737,12,West Virginia State,USA
78587,Thomas Wilson,1979,1979,1978,6,3,175,1610612744,17,Western Carolina,USA
78589,Kennard Winchester,1990,1992,,6,5,210,1610612745,20,Averett,USA
78590,Tony Windis,1959,1959,1959,6,1,160,1610612765,10,Wyoming,USA
78591,John Windsor,1963,1963,1962,6,8,215,1610612744,15,Stanford,USA
78592,Lee Winfield,1969,1975,1969,6,2,174,1610612760,3,North Texas,USA
78596,Harthorne Wingo,1972,1975,,6,6,210,1610612752,43,Friendship (SC),USA
78597,Marv Winkler,1970,1970,1970,6,1,164,1610612749,5,Louisiana-Lafayette,USA
78600,Brian Winters,1974,1982,1974,6,4,185,1610612749,32,South Carolina,USA
78601,Voise Winters,1985,1985,1985,6,8,200,1610612755,11,Bradley,USA
78602,Willie Wise,1976,1977,1969,6,6,210,1610612743,42,Drake,USA
78603,Luke Witte,1973,1975,1973,7,0,235,1610612739,44,Ohio State,USA
78605,Garry Witts,1981,1981,1981,6,7,190,1610612764,20,Holy Cross,USA
78606,Dave Wohl,1971,1977,1971,6,2,185,1610612745,15,Pennsylvania,USA
78610,Al Wood,1981,1986,1981,6,6,193,1610612760,4,North Carolina,USA
78611,Leon Wood,1984,1990,1984,6,3,185,1610612751,,California State-Fullerton,USA
78612,Bob Wood,1949,1949,,5,10,,1610610033,,Northern Illinois,USA
78614,Mike Woodson,1980,1990,1980,6,5,195,1610612758,2,Indiana,USA
78616,Mark Workman,1952,1953,1952,6,9,215,1610612744,,West Virginia,USA
78617,Tom Workman,1967,1969,1967,6,7,218,1610612764,23,Seattle,USA
78618,Sam Worthen,1980,1981,1980,6,5,195,1610612741,31,Marquette,USA
78620,Brad Wright,1986,1987,1985,6,11,225,1610612752,35,UCLA,USA
78621,Howard Wright,1990,1992,,6,8,220,1610612753,42,Stanford,USA
78622,Joby Wright,1972,1972,1972,6,8,220,1610612760,14,Indiana,USA
78623,Larry Wright,1976,1981,1976,6,1,160,1610612764,15,Grambling,USA
78627,A.J. Wynder,1990,1990,,6,2,180,1610612738,12,Fairfield,USA
78628,George Yardley,1953,1959,1950,6,5,190,1610612765,12,Stanford,USA
78629,Barry Yates,1971,1971,1971,6,7,215,1610612755,35,Maryland,USA
78630,Wayne Yates,1961,1961,1961,6,8,235,1610612747,55,Memphis,USA
78631,Charlie Yelverton,1971,1971,1971,6,2,190,1610612757,11,Fordham,USA
78633,Danny Young,1984,1994,1984,6,4,175,1610612760,20,Wake Forest,USA
78634,Michael Young,1984,1989,1984,6,7,220,1610612746,42,Houston,USA
78635,Perry Young,1986,1986,1985,6,5,210,1610612741,2,Virginia Tech,USA
78638,Max Zaslofsky,1946,1955,,6,2,170,1610610025,10,St. John's (NY),USA
78639,Robert Zawoluk,1952,1954,1952,6,7,215,1610612744,15,St. John's (NY),USA
78641,Gary Zeller,1970,1971,1970,6,3,205,1610612764,11,Drake,USA
78642,Hank Zeller,1946,1946,,6,4,210,1610610031,,Washington & Jefferson,USA
78643,Tony Zeno,1979,1979,1979,6,8,210,1610612754,44,Arizona State,USA
78644,Phil Zevenbergen,1987,1987,1987,6,10,230,1610612759,41,Washington,USA
78647,Jim Zoet,1982,1982,,7,1,240,1610612765,34,Kent State,USA
78650,Matt Zunic,1948,1948,1947,6,3,195,1610610036,,George Washington,USA
78651,John Tresvant,1964,1972,1964,6,7,215,1610612764,12,Seattle,USA
78653,Charlie Shipp,1949,1949,,6,1,200,1610610037,,Catholic,USA
78654,Barry Sumpter,1988,1988,1988,6,11,215,1610612746,51,Austin Peay,USA
78656,Blair Rasmussen,1985,1992,1985,6,4,172,1610612743,41,Oregon,USA
90000,Mark Jones,1983,1983,1983,,,,0,,St. Bonaventure,USA
100263,Bill Laimbeer,1980,1993,1979,6,11,245,1610612765,40,,USA
101106,Andrew Bogut,2005,2018,2005,7,0,260,1610612749,12,Utah,Australia
101107,Marvin Williams,2005,2019,2005,6,8,237,1610612737,20,North Carolina,USA
101108,Chris Paul,2005,2023,2005,6,0,175,1610612764,3,Wake Forest,USA
101109,Raymond Felton,2005,2018,2005,6,1,205,1610612766,2,North Carolina,USA
101110,Martell Webster,2005,2014,2005,6,7,230,1610612757,9,Seattle Preparatory HS (WA),USA
101111,Charlie Villanueva,2005,2015,2005,6,11,232,1610612765,3,Connecticut,USA
101112,Channing Frye,2005,2018,2005,7,0,255,1610612756,9,Arizona,USA
101113,Ike Diogu,2005,2011,2005,6,9,250,0,,Arizona State,USA
101114,Deron Williams,2005,2016,2005,6,3,200,1610612762,31,Illinois,USA
101115,Andrew Bynum,2005,2013,2005,7,0,285,1610612747,17,St. Joseph HS (NJ),USA
101117,Yaroslav Korolev,2005,2006,2005,6,9,203,1610612746,8,CSKA Moscow,Russia
101118,Sean May,2005,2009,2005,6,9,266,1610612766,42,North Carolina,USA
101119,Rashad McCants,2005,2008,2005,6,4,215,1610612750,7,North Carolina,USA
101120,Antoine Wright,2005,2010,2005,6,7,215,0,,Texas A&M,USA
101121,Joey Graham,2005,2010,2005,6,7,230,1610612761,12,Oklahoma State,USA
101122,Danny Granger,2005,2014,2005,6,9,222,1610612754,22,New Mexico,USA
101123,Gerald Green,2005,2018,2005,6,7,205,1610612738,14,No College,USA
101124,Hakim Warrick,2005,2012,2005,6,9,219,0,,Syracuse,USA
101125,Julius Hodge,2005,2006,2005,6,7,220,0,,North Carolina State,USA
101126,Nate Robinson,2005,2015,2005,5,9,180,0,,Washington,USA
101127,Jarrett Jack,2005,2017,2005,6,3,200,1610612757,55,Georgia Tech,USA
101128,Francisco Garcia,2005,2014,2005,6,7,215,0,32,Louisville,Dominican Republic
101129,Luther Head,2005,2010,2005,6,3,185,0,,Illinois,USA
101130,Johan Petro,2005,2012,2005,7,0,247,1610612760,10,Pau Orthez,France
101131,Jason Maxiell,2005,2014,2005,6,7,260,1610612765,54,Cincinnati,USA
101132,Linas Kleiza,2005,2012,2005,6,8,234,1610612743,11,Missouri,Lithuania
101133,Ian Mahinmi,2007,2019,2005,6,11,262,1610612754,28,,France
101134,Wayne Simien,2005,2006,2005,6,9,250,1610612748,25,Kansas,USA
101135,David Lee,2005,2016,2005,6,9,245,1610612752,10,Florida,USA
101137,Daniel Ewing,2005,2006,2005,6,3,185,1610612746,3,Duke,USA
101138,Brandon Bass,2005,2016,2005,6,8,250,1610612738,30,Louisiana State,USA
101139,CJ Miles,2005,2021,2005,6,6,220,0,,No College,USA
101141,Ersan Ilyasova,2006,2020,2005,6,9,235,1610612749,77,FC Barcelona,Turkey
101143,Travis Diener,2005,2009,2005,6,1,175,1610612754,27,Marquette,USA
101145,Monta Ellis,2005,2016,2005,6,3,185,1610612744,11,No College,USA
101146,Roko Ukic,2007,2009,2005,6,5,190,0,,Virtus Roma,Croatia
101147,Chris Taft,2005,2005,2005,6,10,261,1610612744,21,Pittsburgh,USA
101148,Mile Ilic,2006,2006,2005,7,1,255,1610612751,9,FMP,Serbia
101149,Martynas Andriuskevicius,2005,2006,2005,7,2,240,1610612739,15,Zalgiris,Lithuania
101150,Lou Williams,2005,2021,2005,6,2,175,1610612737,6,South Gwinnett HS (GA),USA
101152,Bracey Wright,2005,2006,2005,6,3,201,1610612750,6,Indiana,USA
101153,Mickael Gelabale,2006,2012,2005,6,7,215,1610612760,15,Real Madrid,France
101154,Andray Blatche,2005,2013,2005,6,11,260,1610612764,0,South Kent HS (CT),USA
101155,Ryan Gomes,2005,2013,2005,6,7,245,0,,Providence,USA
101156,Robert Whaley,2005,2005,2005,6,10,260,0,,Walsh,USA
101158,Orien Greene,2005,2010,2005,6,4,208,0,,Louisiana-Lafayette,USA
101159,Dijon Thompson,2005,2006,2005,6,8,200,0,,UCLA,USA
101160,Lawrence Roberts,2005,2006,2005,6,9,240,1610612763,44,Mississippi State,USA
101161,Amir Johnson,2005,2018,2005,6,9,240,1610612761,5,No College,USA
101162,Marcin Gortat,2007,2018,2005,6,11,240,0,,RheinEnergie Cologne,Poland
101165,Alex Acker,2005,2008,2005,6,5,185,1610612746,3,Pepperdine,USA
101166,Uros Slokar,2006,2006,2005,6,10,238,1610612761,10,Benetton Treviso,Slovenia
101177,Fabricio Oberto,2005,2010,,6,10,245,0,,Valencia,Argentina
101178,Arvydas Macijauskas,2005,2005,,6,4,214,1610612740,6,Tau Ceramica,Lithuania
101179,Ronnie Price,2005,2016,,6,2,190,1610612762,14,Utah Valley,USA
101180,Sarunas Jasikevicius,2005,2007,,,,,0,,Maryland,Lithuania
101181,Jose Calderon,2005,2018,,6,3,200,1610612761,81,Tau Ceramica,Spain
101182,Donell Taylor,2005,2006,,6,5,193,1610612764,21,Alabama-Birmingham,USA
101183,Shavlik Randolph,2005,2014,,6,10,236,0,,Duke,USA
101184,Deng Gai,2005,2005,,6,9,250,0,,Fairfield,South Sudan
101185,Rawle Marshall,2005,2006,,6,7,190,1610612754,2,Oakland,USA
101187,Alan Anderson,2005,2016,,6,6,220,1610612751,9,Michigan State,USA
101188,Eddie Basden,2005,2005,,6,5,215,1610612741,13,North Carolina-Charlotte,USA
101189,James Singleton,2005,2011,,6,8,230,1610612746,3,Murray State,USA
101190,Matt Walsh,2005,2005,,6,6,220,0,,Florida,USA
101198,Will Bynum,2005,2014,,6,0,185,1610612765,1,Georgia Tech,USA
101204,Dwayne Jones,2005,2012,,6,11,248,1610612739,27,St. Joseph's (PA),USA
101207,Kevin Burleson,2005,2005,,6,3,205,1610612766,12,Minnesota,USA
101209,Devin Green,2005,2005,,6,7,212,0,,Hampton,USA
101214,Jawad Williams,2008,2010,,6,9,225,0,,North Carolina,USA
101215,Will Conroy,2006,2012,,6,2,195,0,,Washington,USA
101219,Anthony Grundy,2005,2005,,6,3,185,1610612737,16,North Carolina State,USA
101223,Aaron Miles,2005,2005,,6,1,190,0,,Kansas,USA
101230,Noel Felix,2005,2005,,6,9,225,1610612760,16,Fresno State,USA
101235,Kelenna Azubuike,2006,2011,,6,5,215,1610612744,4,Kentucky,United Kingdom
101236,Chuck Hayes,2005,2015,,6,6,240,0,,Kentucky,USA
101238,Boniface Ndong,2005,2005,,7,0,205,0,,Dijon,Senegal
101247,Keith Langford,2007,2007,,6,4,215,0,,Kansas,USA
101249,John Lucas III,2005,2016,,5,11,166,0,,Oklahoma State,USA
101261,Andre Owens,2005,2007,,6,4,200,1610612754,20,Houston,USA
200081,Jamario Moon,2007,2011,,6,8,205,1610612761,9,Meridian CC,USA
200746,LaMarcus Aldridge,2006,2021,2006,6,11,250,1610612751,21,University of Texas at Austin,USA
200747,Adam Morrison,2006,2009,2006,6,8,205,1610612766,6,Gonzaga,USA
200748,Tyrus Thomas,2006,2014,2006,6,10,225,0,,Louisiana State,USA
200750,Brandon Roy,2006,2012,2006,6,6,211,1610612757,3,Washington,USA
200751,Randy Foye,2006,2016,2006,6,4,218,1610612750,2,Villanova,USA
200752,Rudy Gay,2006,2023,2006,6,8,250,1610612762,22,Connecticut,USA
200753,Patrick O'Bryant,2006,2009,2006,7,0,250,1610612744,13,Bradley,USA
200756,Hilton Armstrong,2006,2013,2006,6,11,235,1610612740,57,Connecticut,USA
200758,Ronnie Brewer,2006,2013,2006,6,7,235,1610612762,11,Arkansas,USA
200759,Cedric Simmons,2006,2008,2006,6,9,235,1610612740,15,North Carolina State,USA
200760,Rodney Carney,2006,2010,2006,6,7,205,0,,Memphis,USA
200761,Shawne Williams,2006,2014,2006,6,10,230,1610612754,3,Memphis,USA
200763,Quincy Douby,2006,2008,2006,6,3,175,1610612758,5,Rutgers,USA
200764,Renaldo Balkman,2006,2011,2006,6,8,225,0,,South Carolina,USA
200765,Rajon Rondo,2006,2021,2006,6,1,180,1610612739,1,Kentucky,USA
200766,Marcus Williams,2006,2009,2006,6,3,205,1610612751,5,Connecticut,USA
200767,Josh Boone,2006,2009,2006,6,10,240,1610612751,2,Connecticut,USA
200768,Kyle Lowry,2006,2023,2006,6,0,196,1610612748,7,Villanova,USA
200769,Shannon Brown,2006,2014,2006,6,3,215,0,,Michigan State,USA
200770,Jordan Farmar,2006,2016,2006,6,2,180,0,,UCLA,USA
200771,Sergio Rodriguez,2006,2016,2006,6,3,176,1610612757,14,Estudiantes,Spain
200772,Maurice Ager,2006,2010,2006,6,5,202,0,,Michigan State,USA
200776,Mardy Collins,2006,2009,2006,6,6,220,1610612752,25,Temple,USA
200777,Joel Freeland,2012,2014,2006,6,10,225,1610612757,19,Malaga,United Kingdom
200778,James White,2006,2012,2006,6,7,215,1610612752,4,Cincinnati,USA
200779,Steve Novak,2006,2016,2006,6,10,225,0,,Marquette,USA
200780,Solomon Jones,2006,2013,2006,6,10,235,0,,South Florida,USA
200781,Paul Davis,2006,2009,2006,6,11,270,0,,Michigan State,USA
200782,P.J. Tucker,2006,2023,2006,6,5,245,1610612755,17,Texas,USA
200783,Craig Smith,2006,2011,2006,6,7,265,1610612750,83,Boston College,USA
200785,Kosta Perovic,2007,2007,2006,7,2,240,1610612744,19,Partizan,Serbia
200786,David Noel,2006,2006,2006,6,6,230,1610612749,34,North Carolina,USA
200788,James Augustine,2006,2007,2006,6,10,235,1610612753,40,Illinois,USA
200790,Marcus Vinicius,2006,2007,2006,6,8,225,0,,Sao Carlos,Brazil
200793,Dee Brown,2006,2008,2006,6,0,185,0,,Illinois,USA
200794,Paul Millsap,2006,2021,2006,6,7,257,1610612755,8,Louisiana Tech,USA
200796,Leon Powe,2006,2010,2006,6,8,240,1610612738,7,California,USA
200798,Cheikh Samb,2007,2008,2006,7,1,245,0,,WTC Cornella,Senegal
200801,Hassan Adams,2006,2008,2006,6,4,220,0,,Arizona,USA
200806,Damir Markota,2006,2006,2006,6,10,225,1610612749,52,Cibona,Croatia
200807,Will Blalock,2006,2006,2006,6,0,205,1610612765,8,Iowa State,USA
200810,Allan Ray,2006,2007,,,,,0,,Villanova,USA
200811,Lou Amundson,2006,2015,,6,9,220,1610612756,17,UNLV,USA
200814,Tarence Kinsey,2006,2008,,6,6,189,1610612763,8,South Carolina,USA
200816,Jorge Garbajosa,2006,2007,,6,9,245,0,,Malaga,Spain
200817,Pooh Jeter,2010,2010,,5,11,175,1610612758,5,Portland,USA
200821,Yakhouba Diawara,2006,2009,,6,7,225,1610612743,9,Pepperdine,USA
200822,Pops Mensah-Bonsu,2006,2010,,6,9,235,0,,George Washington,USA
200823,Robert Hite,2006,2006,,6,2,184,0,,Miami,USA
200826,J.J. Barea,2006,2019,,5,10,180,1610612742,5,Northeastern,Puerto Rico
200827,Darius Washington,2007,2007,,6,2,195,0,,Memphis,USA
200829,Ivan McFarlin,2006,2006,,6,7,229,0,,Oklahoma State,USA
200835,Walter Herrmann,2006,2008,,6,9,225,1610612765,5,Malaga,Argentina
200838,Kevinn Pinkney,2006,2006,,6,10,245,0,,Nevada-Reno,USA
200839,Mike Harris,2007,2013,,6,6,242,0,,Rice,USA
200840,Chris McCray,2006,2006,,6,5,192,0,,Maryland,USA
200841,Cedric Bozeman,2006,2006,,6,6,207,0,,UCLA,USA
200848,Steven Smith,2006,2006,,6,9,250,0,,La Salle,USA
200970,Renaldo Major,2006,2006,,6,7,190,0,,Fresno State,USA
200978,Jeremy Richardson,2006,2008,,6,7,195,1610612737,32,Delta State,USA
200984,Lance Allred,2007,2007,,6,11,250,1610612739,41,Weber State,USA
201041,Walker Russell,2011,2011,1982,6,0,170,1610612765,23,Jacksonville State,USA
201043,Randolph Morris,2006,2009,,6,11,275,1610612737,33,Kentucky,USA
201141,Greg Oden,2007,2013,2007,7,0,273,1610612757,20,Ohio State,USA
201142,Kevin Durant,2007,2023,2007,6,10,240,1610612756,35,Texas,USA
201143,Al Horford,2007,2023,2007,6,9,240,1610612738,42,Florida,Dominican Republic
201144,Mike Conley,2007,2023,2007,6,1,175,1610612750,10,Ohio State,USA
201145,Jeff Green,2007,2023,2007,6,8,235,1610612743,32,Georgetown,USA
201147,Corey Brewer,2007,2019,2007,6,9,188,1610612750,13,Florida,USA
201149,Joakim Noah,2007,2019,2007,6,11,232,1610612741,55,Florida,USA
201150,Spencer Hawes,2007,2016,2007,7,1,245,1610612755,00,Washington,USA
201151,Acie Law,2007,2010,2007,6,3,202,1610612737,2,Texas A&M,USA
201152,Thaddeus Young,2007,2023,2007,6,8,235,1610612761,21,Georgia Tech,USA
201153,Julian Wright,2007,2010,2007,6,8,225,1610612740,14,Kansas,USA
201154,Al Thornton,2007,2010,2007,6,8,235,1610612746,23,Florida State,USA
201156,Nick Young,2007,2018,2007,6,7,210,0,,Southern California,USA
201157,Sean Williams,2007,2011,2007,6,10,235,1610612751,56,Boston College,USA
201159,Javaris Crittenton,2007,2009,2007,6,5,200,1610612764,8,Georgia Tech,USA
201160,Jason Smith,2007,2018,2007,7,0,240,0,,Colorado State,USA
201161,Daequan Cook,2007,2012,2007,6,5,210,1610612748,14,Ohio State,USA
201162,Jared Dudley,2007,2020,2007,6,6,237,1610612756,10,Boston College,USA
201163,Wilson Chandler,2007,2019,2007,6,8,235,1610612743,21,DePaul,USA
201164,Rudy Fernandez,2008,2016,2007,,,,0,,DKV Joventut,Spain
201165,Morris Almond,2007,2011,2007,6,6,225,1610612762,21,Rice,USA
201166,Aaron Brooks,2007,2017,2007,6,0,161,1610612745,30,Oregon,USA
201167,Arron Afflalo,2007,2017,2007,6,5,210,1610612743,4,UCLA,USA
201168,Tiago Splitter,2010,2016,2007,6,11,245,1610612759,47,,Brazil
201169,Alando Tucker,2007,2009,2007,6,6,205,0,,Wisconsin,USA
201171,Carl Landry,2007,2015,2007,6,9,248,1610612758,7,Purdue,USA
201172,Gabe Pruitt,2007,2008,2007,6,4,170,1610612738,13,Southern California,USA
201173,Marcus Williams,2007,2008,2007,6,7,207,1610612746,2,Arizona,USA
201174,Nick Fazekas,2007,2007,2007,6,11,235,1610612746,20,Nevada-Reno,USA
201175,Glen Davis,2007,2014,2007,6,9,289,1610612738,0,Louisiana State,USA
201178,Kyrylo Fesenko,2007,2011,2007,7,1,280,1610612762,44,Cherkaski,Ukraine
201180,Sun Sun,2008,2008,2007,6,9,205,1610612747,9,Beijing,China
201181,Chris Richard,2007,2009,2007,6,9,256,1610612750,35,Florida,USA
201182,Derrick Byars,2011,2011,2007,6,7,220,1610612759,34,Vanderbilt,USA
201186,Stephane Lasme,2007,2007,2007,6,8,215,1610612748,45,Massachusetts,Gabon
201187,Dominic McGuire,2007,2012,2007,6,9,235,0,,Fresno State,USA
201189,Aaron Gray,2007,2013,2007,7,0,270,1610612741,33,Pittsburgh,USA
201191,JamesOn Curry,2007,2009,2007,6,3,190,0,,Oklahoma State,USA
201192,Taurean Green,2007,2007,2007,6,0,177,1610612743,0,Florida,USA
201195,Herbert Hill,2007,2007,2007,6,10,240,1610612755,35,Providence,USA
201199,DJ Strawberry,2007,2007,2007,6,5,201,1610612756,8,Maryland,USA
201202,Joel Anthony,2007,2016,,6,9,245,1610612748,30,UNLV,Canada
201203,Mustafa Shakur,2009,2013,,6,3,190,0,,Arizona,USA
201207,Coby Karl,2007,2009,,6,5,215,1610612747,22,Boise State,USA
201208,Darryl Watkins,2007,2011,,6,11,258,1610612758,31,Syracuse,USA
201228,C.J. Watson,2007,2016,,6,2,175,1610612744,32,Tennessee,USA
201229,Anthony Tolliver,2008,2020,,6,8,240,1610612765,43,Creighton,USA
201234,Trey Johnson,2008,2011,,6,5,215,0,,Jackson State,USA
201242,Thomas Gardner,2007,2008,,6,5,225,1610612737,3,Missouri,USA
201274,Ivan Johnson,2011,2012,,6,8,255,1610612737,44,California State-San Bernardino,USA
201281,Andre Ingram,2017,2018,,6,3,190,0,,American University,USA
201286,Eric Dawson,2011,2011,,6,9,250,0,,Midwestern State,USA
201291,Carldell Johnson,2011,2011,,5,10,180,0,,Alabama-Birmingham,USA
201336,Blake Ahearn,2007,2011,,6,2,190,1610612748,2,Missouri State,USA
201446,Mike Taylor,2008,2008,2008,6,2,165,1610612746,4,Iowa State,USA
201564,O.J. Mayo,2008,2015,2008,6,5,210,1610612763,3,Southern California,USA
201567,Kevin Love,2008,2023,2008,6,8,251,1610612748,0,UCLA,USA
201568,Danilo Gallinari,2008,2023,2008,6,10,236,1610612764,8,Olimpia Milano,Italy
201569,Eric Gordon,2008,2022,2008,6,3,215,1610612746,10,Indiana,USA
201570,Joe Alexander,2008,2009,2008,6,8,230,1610612749,20,West Virginia,USA
201571,D.J. Augustin,2008,2023,2008,5,11,183,1610612745,4,Texas-Austin,USA
201574,Jason Thompson,2008,2015,2008,6,11,250,1610612758,1,Rider,USA
201575,Brandon Rush,2008,2016,2008,6,6,225,1610612754,4,Kansas,USA
201576,Anthony Randolph,2008,2016,2008,,,,0,,Louisiana State,USA
201577,Robin Lopez,2008,2023,2008,7,0,281,1610612739,33,Stanford,USA
201578,Marreese Speights,2008,2017,2008,6,10,255,1610612744,5,Florida,USA
201582,Alexis Ajinca,2008,2017,2008,7,2,248,1610612740,42,Hyeres-Toulon,France
201583,Ryan Anderson,2008,2019,2008,6,9,240,0,,California,USA
201584,Courtney Lee,2008,2019,2008,6,5,215,1610612763,1,Western Kentucky,USA
201587,Nicolas Batum,2008,2023,2008,6,8,230,1610612746,33,Le Mans,France
201588,George Hill,2008,2023,2008,6,4,188,1610612754,7,Indiana-Purdue Indianapolis,USA
201589,Darrell Arthur,2008,2017,2008,6,9,235,1610612743,00,Kansas,USA
201590,Donte Greene,2008,2012,2008,6,11,226,1610612758,13,Syracuse,USA
201591,DJ White,2008,2013,2008,6,9,250,1610612766,8,Indiana,USA
201592,J.R. Giddens,2008,2009,2008,6,5,215,1610612738,4,New Mexico,USA
201593,Nikola Pekovic,2010,2016,2008,6,11,307,1610612750,14,Panathinaikos,Montenegro
201594,Walter Sharpe,2008,2008,2008,6,9,245,1610612765,42,Alabama-Birmingham,USA
201596,Mario Chalmers,2008,2017,2008,6,2,190,1610612748,6,Kansas,USA
201599,DeAndre Jordan,2008,2023,2008,6,11,265,1610612743,6,Texas A&M,USA
201600,Omer Asik,2010,2017,2008,7,0,255,1610612740,3,Fenerbahce,Turkey
201601,Luc Mbah a Moute,2008,2019,2008,6,8,230,1610612749,12,UCLA,Cameroon
201602,Kyle Weaver,2008,2010,2008,6,6,201,0,,Washington State,USA
201603,Sonny Weems,2008,2015,2008,6,6,205,0,,Arkansas,USA
201604,Chris Douglas-Roberts,2008,2014,2008,6,7,210,0,,Memphis,USA
201605,Nathan Jawai,2008,2009,2008,6,10,280,1610612750,15,Midland (Texas),Australia
201606,Sean Singletary,2008,2008,2008,6,0,185,1610612766,44,Virginia,USA
201607,Patrick Ewing,2010,2010,2008,6,8,235,1610612740,22,Georgetown,USA
201609,Goran Dragic,2008,2023,2008,6,4,190,1610612749,31,Union Olimpija,Slovenia
201611,Henry Walker,2008,2014,2008,6,6,235,1610612752,5,Kansas State,USA
201612,Malik Hairston,2008,2009,2008,6,6,220,1610612759,1,Oregon,USA
201616,Darnell Jackson,2008,2010,2008,6,9,253,1610612739,41,Kansas,USA
201619,Sasha Kaun,2008,2015,2008,6,11,260,1610612739,14,Kansas,Russia
201621,Joe Crawford,2008,2008,2008,6,5,210,1610612752,5,Kentucky,USA
201623,Semih Erden,2010,2011,2008,7,0,240,1610612738,9,Fenerbahce,Turkey
201627,Anthony Morrow,2008,2016,,6,5,210,1610612760,11,Georgia Tech,USA
201628,Bobby Brown,2008,2017,,6,2,175,0,,Cal State-Fullerton,USA
201629,Othello Hunter,2008,2016,,,,,0,,Ohio State,USA
201632,Hamed Haddadi,2008,2012,,7,2,265,1610612763,98,Saba Battery,Iran
201633,Rob Kurz,2008,2009,,6,9,232,1610612744,31,Notre Dame,USA
201634,DeMarcus Nelson,2008,2008,,6,4,200,1610612744,21,Duke,USA
201785,Othyus Jeffers,2009,2013,,6,5,210,1610612764,0,Robert Morris-Chicago,USA
201802,Oliver Lafayette,2009,2009,,6,2,190,1610612738,0,Houston,USA
201805,Chris Hunter,2008,2009,,6,11,240,1610612744,31,Michigan,USA
201814,Gary Forbes,2010,2011,,6,7,220,1610612743,3,Massachusetts,Panama
201880,Greg Stiemsma,2009,2014,,6,11,260,1610612750,34,Wisconsin,USA
201933,Blake Griffin,2009,2023,2009,6,9,250,1610612738,91,Oklahoma,USA
201934,Hasheem Thabeet,2009,2013,2009,7,3,263,1610612763,34,Connecticut,Tanzania
201935,James Harden,2009,2023,2009,6,5,220,1610612755,1,Arizona State,USA
201936,Tyreke Evans,2009,2018,2009,6,6,220,0,,Memphis,USA
201938,Jonny Flynn,2009,2011,2009,6,0,185,1610612750,3,Syracuse,USA
201939,Stephen Curry,2009,2023,2009,6,2,185,1610612744,30,Davidson,USA
201941,Jordan Hill,2009,2016,2009,6,10,240,1610612747,27,Arizona,USA
201942,DeMar DeRozan,2009,2023,2009,6,6,220,1610612741,11,Southern California,USA
201944,Terrence Williams,2009,2012,2009,6,6,220,1610612751,55,Louisville,USA
201945,Gerald Henderson,2009,2016,2009,6,5,215,1610612766,12,Duke,USA
201946,Tyler Hansbrough,2009,2017,2009,,,,0,,North Carolina,USA
201948,Austin Daye,2009,2014,2009,6,11,220,1610612765,3,Gonzaga,USA
201949,James Johnson,2009,2023,2009,6,7,240,1610612754,16,Wake Forest,USA
201950,Jrue Holiday,2009,2023,2009,6,5,205,1610612749,21,UCLA,USA
201951,Ty Lawson,2009,2017,2009,5,11,195,1610612743,4,North Carolina,USA
201952,Jeff Teague,2009,2020,2009,6,3,195,1610612737,5,Wake Forest,USA
201953,Eric Maynor,2009,2013,2009,6,3,175,0,,Virginia Commonwealth,USA
201954,Darren Collison,2009,2021,2009,6,0,160,0,,UCLA,USA
201956,Omri Casspi,2009,2018,2009,6,9,225,0,,Maccabi Tel Aviv,Israel
201957,Byron Mullens,2009,2013,2009,7,0,275,1610612766,30,Ohio State,USA
201958,Rodrigue Beaubois,2009,2012,2009,6,2,185,1610612742,3,Cholet,France
201959,Taj Gibson,2009,2023,2009,6,9,232,1610612764,67,Southern California,USA
201960,DeMarre Carroll,2009,2019,2009,6,6,215,1610612737,9,Missouri,USA
201961,Wayne Ellington,2009,2021,2009,6,4,207,1610612747,2,North Carolina,USA
201962,Toney Douglas,2009,2016,2009,6,2,195,0,,Florida State,USA
201963,Christian Eyenga,2010,2011,2009,6,7,210,1610612739,88,DKV Joventut,Congo
201965,Jeff Ayres,2009,2015,2009,6,9,250,1610612759,19,Arizona State,USA
201966,Jermaine Taylor,2009,2010,2009,6,4,210,0,,Central Florida,USA
201967,Dante Cunningham,2009,2018,2009,6,8,230,1610612740,33,Villanova,USA
201969,DaJuan Summers,2009,2012,2009,6,8,240,1610612765,35,Georgetown,USA
201970,Sam Young,2009,2012,2009,6,6,225,1610612763,4,Pittsburgh,USA
201971,DeJuan Blair,2009,2015,2009,6,7,270,0,,Pittsburgh,USA
201972,Jon Brockman,2009,2011,2009,6,7,255,1610612749,40,Washington,USA
201974,Derrick Brown,2009,2011,2009,6,8,233,1610612766,4,Xavier,USA
201975,Jodie Meeks,2009,2018,2009,6,4,210,1610612755,20,Kentucky,USA
201976,Patrick Beverley,2012,2023,2009,6,2,180,1610612741,21,Arkansas,USA
201977,Marcus Thornton,2009,2016,2009,6,4,205,0,,Louisiana State,USA
201978,Chase Budinger,2009,2015,2009,6,7,209,1610612745,10,Arizona,USA
201979,Nick Calathes,2013,2014,2009,6,6,213,1610612763,12,Florida,USA
201980,Danny Green,2009,2023,2009,6,6,215,1610612739,14,North Carolina,USA
201985,AJ Price,2009,2014,2009,6,2,195,0,,Connecticut,USA
201987,Robert Vaden,2010,2010,2009,6,5,205,1610612760,30,Alabama-Birmingham,USA
201991,Lester Hudson,2009,2014,2009,6,3,190,1610612738,14,Tennessee-Martin,USA
201998,Curtis Jerrells,2009,2009,,6,1,195,1610612759,5,Baylor,USA
202066,Garrett Temple,2009,2023,,6,6,195,1610612740,41,Louisiana State,USA
202067,Diamon Simpson,2011,2011,,6,7,230,1610612745,20,St. Mary's (CA),USA
202068,Marcus Landry,2009,2009,,6,7,230,0,,Wisconsin,USA
202070,Tony Gaffney,2009,2009,,6,8,205,1610612738,,Massachusetts,USA
202077,Jerel McNeal,2012,2014,,6,3,200,1610612756,8,Marquette,USA
202079,Antonio Anderson,2009,2009,,6,6,215,0,,Memphis,USA
202081,Garret Siler,2010,2010,,6,11,305,1610612756,20,Augusta State,USA
202082,Larry Owens,2010,2011,,6,7,210,0,,Oral Roberts,USA
202083,Wesley Matthews,2009,2023,,6,5,220,1610612749,23,Marquette,USA
202087,Alonzo Gee,2009,2016,,6,6,225,0,,Alabama,USA
202091,Dionte Christmas,2013,2016,,,,,0,,Temple,USA
202130,Reggie Williams,2009,2016,,6,6,205,0,,Virginia Military Institute,USA
202132,Cedric Jackson,2009,2009,,6,3,190,1610612739,9,Cleveland State,USA
202148,Mickell Gladness,2011,2011,,6,11,220,1610612744,32,Alabama A&M,USA
202178,Sundiata Gaines,2009,2011,,6,1,200,1610612751,1,Georgia,USA
202220,Zabian Dowdell,2010,2010,,6,3,191,1610612756,22,Virginia Tech,USA
202221,Brian Butch,2009,2009,,6,11,240,1610612743,43,Wisconsin,USA
202227,Terrel Harris,2011,2012,,6,4,190,1610612748,12,Oklahoma State,USA
202322,John Wall,2010,2022,2010,6,3,210,0,,Kentucky,USA
202323,Evan Turner,2010,2019,2010,6,6,220,1610612755,1,Ohio State,USA
202324,Derrick Favors,2010,2021,2010,6,9,265,1610612760,15,Georgia Tech,USA
202325,Wesley Johnson,2010,2018,2010,6,7,215,1610612746,4,Syracuse,USA
202326,DeMarcus Cousins,2010,2021,2010,6,10,270,1610612743,4,Kentucky,USA
202328,Greg Monroe,2010,2021,2010,6,10,250,1610612750,15,Georgetown,USA
202330,Gordon Hayward,2010,2023,2010,6,7,225,1610612766,20,Butler,USA
202332,Cole Aldrich,2010,2017,2010,6,11,253,1610612752,45,Kansas,USA
202333,Xavier Henry,2010,2014,2010,6,6,220,0,,Kansas,USA
202335,Patrick Patterson,2010,2020,2010,6,8,235,1610612761,54,Kentucky,USA
202337,Luke Babbitt,2010,2017,2010,6,9,225,1610612740,22,Nevada-Reno,USA
202339,Eric Bledsoe,2010,2021,2010,6,1,214,1610612757,5,Kentucky,USA
202340,Avery Bradley,2010,2021,2010,6,3,180,1610612747,20,University of Texas at Austin,USA
202341,James Anderson,2010,2015,2010,6,6,213,1610612759,5,Oklahoma State,USA
202342,Craig Brackins,2010,2011,2010,6,10,230,1610612755,33,Iowa State,USA
202343,Elliot Williams,2010,2015,2010,6,5,190,0,,Memphis,USA
202344,Trevor Booker,2010,2017,2010,6,8,228,1610612764,20,Clemson,USA
202345,Damion James,2010,2013,2010,6,7,225,1610612751,7,Texas-Austin,USA
202346,Dominique Jones,2010,2012,2010,6,5,215,0,,South Florida,USA
202348,Jordan Crawford,2010,2017,2010,6,5,195,1610612764,27,Xavier,USA
202349,Greivis Vasquez,2010,2016,2010,6,6,217,0,,Maryland,Venezuela
202350,Daniel Orton,2010,2013,2010,6,10,275,0,,Kentucky,USA
202351,Lazar Hayward,2010,2012,2010,6,6,225,0,,Marquette,USA
202354,Dexter Pittman,2010,2013,2010,6,11,285,0,,Texas-Austin,USA
202355,Hassan Whiteside,2010,2021,2010,7,0,265,1610612762,21,Marshall,USA
202356,Armon Johnson,2010,2011,2010,6,3,195,1610612757,7,Nevada-Reno,USA
202357,Nemanja Bjelica,2015,2021,2010,6,9,234,1610612744,8,,Serbia
202359,Darington Hobson,2011,2011,2010,6,7,210,0,,New Mexico,USA
202360,Andy Rautins,2010,2010,2010,6,4,190,1610612752,11,Syracuse,USA
202361,Landry Fields,2010,2014,2010,6,7,215,1610612752,2,Stanford,USA
202363,Jarvis Varnado,2012,2013,2010,6,9,230,1610612755,40,Mississippi State,USA
202365,Devin Ebanks,2010,2012,2010,6,9,215,1610612747,3,West Virginia,USA
202366,Jerome Jordan,2011,2014,2010,7,0,253,1610612751,9,Tulsa,Jamaica
202371,Gani Lawal,2010,2010,2010,6,9,234,1610612756,31,Georgia Tech,USA
202374,Solomon Alabi,2010,2011,2010,7,1,252,1610612761,50,Florida State,Nigeria
202375,Magnum Rolle,2010,2010,2010,6,11,235,1610612737,25,Louisiana Tech,Bahamas
202376,Luke Harangody,2010,2011,2010,6,7,245,1610612739,44,Notre Dame,USA
202377,Pape Sy,2010,2010,2010,6,7,225,1610612737,19,Le Havre,France
202378,Willie Warren,2010,2010,2010,6,4,203,1610612746,13,Oklahoma,USA
202379,Jeremy Evans,2010,2017,2010,6,9,200,1610612762,6,Western Kentucky,USA
202380,Hamady Ndiaye,2010,2013,2010,7,0,235,0,,Rutgers,Senegal
202382,Derrick Caracter,2010,2010,2010,6,9,275,1610612747,45,Texas-El Paso,USA
202385,Ryan Reid,2011,2011,2010,6,8,235,0,,Florida State,USA
202386,Ben Uzoh,2010,2011,,6,3,205,1610612751,18,Tulsa,USA
202388,Donald Sloan,2011,2015,,6,3,205,1610612754,15,Texas A&M,USA
202389,Timofey Mozgov,2010,2018,,7,1,275,1610612743,21,Khimki,Russia
202390,Gary Neal,2010,2016,,6,4,210,0,,Towson,USA
202391,Jeremy Lin,2010,2018,,6,3,200,1610612745,17,Harvard,USA
202392,Marqus Blakely,2010,2010,,6,5,225,1610612745,15,Vermont,USA
202395,Sherron Collins,2010,2010,,5,11,205,0,,Kansas,USA
202396,Samardo Samuels,2010,2017,,,,,0,,Louisville,Jamaica
202399,Jeff Adrien,2010,2014,,,,,0,,Connecticut,USA
202407,Elijah Millsap,2014,2016,,6,7,215,1610612762,22,Alabama-Birmingham,USA
202408,Marcus Cousin,2010,2010,,6,11,255,1610612762,50,Houston,USA
202412,Manny Harris,2010,2016,,6,5,185,1610612739,6,Michigan,USA
202419,Chris Johnson,2010,2012,,6,11,210,1610612750,20,Louisiana State,USA
202458,Justin Dentmon,2011,2012,,5,11,185,0,,Washington,USA
202536,Jerry Smith,2011,2011,1963,6,2,190,0,,Louisville,USA
202545,Luke Zeller,2012,2012,,6,11,245,0,,Notre Dame,USA
202620,Arinze Onuaku,2013,2016,,6,9,255,0,,Syracuse,USA
202622,Courtney Fortson,2011,2011,,5,11,185,1610612745,9,Arkansas,USA
202681,Kyrie Irving,2011,2023,2011,6,2,195,1610612742,2,Duke,Australia
202682,Derrick Williams,2011,2017,2011,6,8,240,0,,Arizona,USA
202683,Enes Freedom,2011,2021,2011,6,10,250,0,,Fenerbahce,Turkey
202684,Tristan Thompson,2011,2023,2011,6,9,254,1610612747,9,Texas-Austin,Canada
202685,Jonas Valanciunas,2012,2023,2011,6,11,265,1610612740,17,Lietuvos rytas Vilnius,Lithuania
202686,Jan Vesely,2011,2013,2011,7,0,242,1610612764,24,Partizan,Czech Republic
202687,Bismack Biyombo,2011,2023,2011,6,8,255,1610612756,18,Baloncesto Fuenlabrada,DRC
202688,Brandon Knight,2011,2021,2011,6,2,182,0,,Kentucky,USA
202689,Kemba Walker,2011,2022,2011,6,0,184,0,,Connecticut,USA
202690,Jimmer Fredette,2011,2018,2011,6,2,195,1610612758,32,Brigham Young,USA
202691,Klay Thompson,2011,2023,2011,6,6,220,1610612744,11,Washington State,USA
202692,Alec Burks,2011,2023,2011,6,6,214,1610612765,5,Colorado,USA
202693,Markieff Morris,2011,2023,2011,6,9,245,1610612742,13,Kansas,USA
202695,Kawhi Leonard,2011,2023,2011,6,7,225,1610612746,2,San Diego State,USA
202696,Nikola Vucevic,2011,2023,2011,6,10,260,1610612741,9,Southern California,Montenegro
202697,Iman Shumpert,2011,2020,2011,6,5,212,0,,Georgia Tech,USA
202698,Chris Singleton,2011,2013,2011,6,9,228,1610612764,31,Florida State,USA
202699,Tobias Harris,2011,2023,2011,6,7,226,1610612755,12,Tennessee,USA
202700,Donatas Motiejunas,2012,2018,2011,7,0,220,1610612745,28,Lithuania,Lithuania
202701,Nolan Smith,2011,2012,2011,6,2,185,1610612757,4,Duke,USA
202703,Nikola Mirotic,2014,2018,2011,6,10,250,1610612741,41,Real Madrid,Montenegro
202704,Reggie Jackson,2011,2023,2011,6,2,208,1610612743,7,Boston College,USA
202705,MarShon Brooks,2011,2018,2011,6,5,200,0,,Providence,USA
202706,Jordan Hamilton,2011,2015,2011,6,7,220,1610612743,25,Texas-Austin,USA
202707,JaJuan Johnson,2011,2011,2011,6,10,221,1610612738,12,Purdue,USA
202708,Norris Cole,2011,2016,2011,6,2,175,1610612748,30,Cleveland State,USA
202709,Cory Joseph,2011,2023,2011,6,3,200,1610612765,18,Texas,Canada
202710,Jimmy Butler,2011,2023,2011,6,7,230,1610612748,22,Marquette,USA
202711,Bojan Bogdanovic,2014,2023,2011,6,7,226,1610612765,44,Fenerbahce,Croatia
202712,Justin Harper,2011,2016,2011,6,10,225,0,,Richmond,USA
202713,Kyle Singler,2012,2017,2011,6,8,228,1610612765,15,Duke,USA
202714,Shelvin Mack,2011,2018,2011,6,3,203,1610612737,6,Butler,USA
202715,Tyler Honeycutt,2011,2012,2011,6,8,188,0,,UCLA,USA
202717,Trey Thompkins,2011,2011,2011,6,10,245,1610612746,33,Georgia,USA
202718,Chandler Parsons,2011,2019,2011,6,9,230,0,,Florida,USA
202719,Jeremy Tyler,2011,2013,2011,6,10,250,1610612744,4,Tokyo Apache,USA
202720,Jon Leuer,2011,2018,2011,6,10,228,1610612763,30,Wisconsin,USA
202721,Darius Morris,2011,2014,2011,6,4,195,1610612747,14,Michigan,USA
202722,Davis Bertans,2016,2023,2011,6,10,225,1610612742,44,Baskonia,Latvia
202724,Charles Jenkins,2011,2012,2011,6,3,215,1610612744,31,Hofstra,USA
202725,Josh Harrellson,2011,2013,2011,6,10,275,1610612752,55,Kentucky,USA
202726,Andrew Goudelock,2011,2015,2011,6,3,200,1610612747,0,College of Charleston,USA
202727,Travis Leslie,2011,2017,2011,,,,0,,Georgia,USA
202728,Keith Benson,2011,2011,2011,6,11,230,0,,Oakland,USA
202729,Josh Selby,2011,2012,2011,6,2,183,0,,Kansas,USA
202730,Lavoy Allen,2011,2016,2011,6,9,260,1610612754,5,Temple,USA
202731,Vernon Macklin,2011,2011,2011,6,10,227,1610612765,20,Florida,USA
202732,DeAndre Liggins,2011,2017,2011,6,6,209,1610612739,34,Kentucky,USA
202734,E'Twaun Moore,2011,2020,2011,6,3,191,1610612756,55,Purdue,USA
202738,Isaiah Thomas,2011,2021,2011,5,9,185,1610612766,4,Washington,USA
202775,Edwin Ubiles,2011,2011,,6,6,204,0,,Siena,Puerto Rico
202779,Dwight Buycks,2013,2017,,6,3,190,1610612765,20,Marquette,USA
202809,Cory Higgins,2011,2012,,6,5,180,0,,Colorado,USA
202810,D.J. Kennedy,2011,2011,,6,5,214,1610612739,12,St. John's (NY),USA
202814,Mychel Thompson,2011,2011,,6,6,211,0,,Pepperdine,USA
202862,Dennis Horner,2011,2011,,6,9,230,0,,North Carolina State,USA
202874,Chris Wright,2011,2013,,6,9,226,1610612744,15,Dayton,USA
202880,Jeff Foote,2011,2011,,7,0,265,0,,Cornell,USA
202918,Xavier Silas,2011,2017,2011,6,5,205,1610612755,9,Northern Illinois,USA
202952,Malcolm Thomas,2011,2014,,6,9,225,0,,San Diego State,USA
202954,Brad Wanamaker,2018,2021,,6,3,210,0,,Pittsburgh,USA
202962,Greg Smith,2011,2015,,6,10,250,1610612745,4,Fresno State,USA
202970,Gustavo Ayon,2011,2016,,,,,0,,Baloncesto Fuenlabrada,Mexico
203006,Josh Akognon,2012,2012,,5,11,185,1610612742,10,California State-Fullerton,USA
203076,Anthony Davis,2012,2023,2012,6,10,253,1610612747,3,Kentucky,USA
203077,Michael Kidd-Gilchrist,2012,2019,2012,6,6,232,1610612766,9,Kentucky,USA
203078,Bradley Beal,2012,2023,2012,6,4,207,1610612756,3,Florida,USA
203079,Dion Waiters,2012,2019,2012,6,3,210,1610612739,18,Syracuse,USA
203080,Thomas Robinson,2012,2016,2012,6,10,237,1610612757,15,Kansas,USA
203081,Damian Lillard,2012,2023,2012,6,2,195,1610612757,0,Weber State,USA
203082,Terrence Ross,2012,2023,2012,6,7,206,1610612756,8,Washington,USA
203083,Andre Drummond,2012,2023,2012,6,11,279,1610612741,3,Connecticut,USA
203084,Harrison Barnes,2012,2023,2012,6,8,225,1610612758,40,North Carolina,USA
203085,Austin Rivers,2012,2023,2012,6,4,200,1610612750,25,Duke,USA
203086,Meyers Leonard,2012,2023,2012,7,0,260,1610612749,3,Illinois,USA
203087,Jeremy Lamb,2012,2021,2012,6,5,180,1610612758,26,Connecticut,USA
203088,Kendall Marshall,2012,2015,2012,6,4,200,1610612747,5,North Carolina,USA
203089,John Henson,2012,2019,2012,6,9,219,1610612749,31,North Carolina,USA
203091,Royce White,2012,2013,2012,6,8,260,0,,Iowa State,USA
203093,Terrence Jones,2012,2018,2012,6,9,252,0,,Kentucky,USA
203094,Andrew Nicholson,2012,2016,2012,6,9,250,1610612753,44,St. Bonaventure,Canada
203095,Evan Fournier,2012,2023,2012,6,6,205,1610612752,13,Poitiers Basket 86,France
203096,Jared Sullinger,2012,2016,2012,6,9,260,0,,Ohio State,USA
203097,Fab Melo,2012,2012,2012,7,0,255,1610612738,13,Syracuse,Brazil
203098,John Jenkins,2012,2018,2012,6,4,215,1610612737,30,Vanderbilt,USA
203099,Jared Cunningham,2012,2015,2012,6,4,195,0,,Oregon State,USA
203100,Tony Wroten,2012,2015,2012,6,6,205,1610612755,5,Washington,USA
203101,Miles Plumlee,2012,2018,2012,6,11,249,1610612756,18,Duke,USA
203102,Arnett Moultrie,2012,2013,2012,6,10,240,1610612755,5,Mississippi State,USA
203103,Perry Jones III,2012,2014,2012,6,11,235,1610612760,3,Baylor,USA
203104,Marquis Teague,2012,2017,2012,6,2,189,1610612741,20,Kentucky,USA
203105,Festus Ezeli,2012,2016,2012,6,11,265,1610612744,31,Vanderbilt,Nigeria
203107,Tomas Satoransky,2016,2021,2012,6,7,210,1610612764,31,,Czech Republic
203108,Bernard James,2012,2014,2012,6,10,235,1610612742,55,Florida State,USA
203109,Jae Crowder,2012,2023,2012,6,6,235,1610612749,99,Marquette,USA
203110,Draymond Green,2012,2023,2012,6,6,230,1610612744,23,Michigan State,USA
203112,Quincy Acy,2012,2018,2012,6,7,240,0,,Baylor,USA
203113,Quincy Miller,2012,2014,2012,6,9,210,1610612743,34,Baylor,USA
203114,Khris Middleton,2012,2023,2012,6,7,222,1610612749,22,Texas A&M,USA
203115,Will Barton,2012,2023,2012,6,5,181,1610612761,1,Memphis,USA
203116,Tyshawn Taylor,2012,2013,2012,6,3,185,0,,Kansas,USA
203117,Doron Lamb,2012,2013,2012,6,4,200,1610612753,1,Kentucky,USA
203118,Mike Scott,2012,2020,2012,6,7,237,1610612737,1,Virginia,USA
203119,Kim English,2012,2012,2012,6,6,200,1610612765,24,Missouri,USA
203120,Justin Hamilton,2013,2016,2012,7,0,255,1610612751,41,Louisiana State,USA
203121,Darius Miller,2012,2020,2012,6,6,225,0,,Kentucky,USA
203122,Kevin Murphy,2012,2012,2012,6,6,185,1610612762,55,Tennessee Tech,USA
203123,Kostas Papanikolaou,2014,2015,2012,6,8,235,0,,FC Barcelona,Greece
203124,Kyle O'Quinn,2012,2019,2012,6,9,250,1610612752,9,Norfolk State,USA
203126,Kris Joseph,2012,2012,2012,6,7,210,1610612738,24,Syracuse,Canada
203128,Furkan Aldemir,2014,2014,2012,6,10,240,1610612755,19,Galatasaray,Turkey
203129,Tornike Shengelia,2012,2013,2012,6,9,220,0,,Spirou Charleroi,Georgia
203130,Darius Johnson-Odom,2012,2013,2012,6,2,215,0,,Marquette,USA
203133,Robbie Hummel,2013,2014,2012,6,9,219,1610612750,4,Purdue,USA
203135,Robert Sacre,2012,2015,2012,7,0,270,1610612747,50,Gonzaga,Canada
203136,Ognjen Kuzmic,2013,2014,2012,7,0,260,1610612744,1,Malaga,Serbia
203138,Hollis Thompson,2013,2016,,6,8,206,0,,Georgetown,USA
203139,Viacheslav Kravtsov,2012,2013,,6,11,254,0,,Donetsk,Ukraine
203141,Mirza Teletovic,2012,2017,,6,9,242,0,,Baskonia,Bosnia and Herzegovina
203142,Chris Copeland,2012,2015,,6,9,239,0,,Colorado,USA
203144,Alexey Shved,2012,2014,,6,6,187,1610612750,1,CSKA Moscow,Russia
203145,Kent Bazemore,2012,2021,,6,4,195,1610612747,9,Old Dominion,USA
203146,Maalik Wayns,2012,2013,,6,1,195,0,,Villanova,USA
203147,Chris Smith,2013,2013,,6,2,200,0,,Louisville,USA
203148,Brian Roberts,2012,2016,,6,1,173,1610612740,22,Dayton,USA
203156,Henry Sims,2012,2015,,6,10,248,1610612755,14,Georgetown,USA
203158,Kevin Jones,2012,2012,,6,8,260,1610612739,5,West Virginia,USA
203159,Scott Machado,2012,2018,,6,1,205,0,,Iona,USA
203183,Tony Mitchell,2013,2013,,6,6,216,0,,Alabama,USA
203186,Willie Reed,2012,2017,2011,6,11,245,0,,St. Louis,USA
203187,Chris Johnson,2012,2015,,6,6,206,1610612762,23,Dayton,USA
203197,Diante Garrett,2012,2013,,6,4,190,1610612762,8,Iowa State,USA
203199,DeQuan Jones,2012,2012,,6,8,221,1610612753,20,Miami,USA
203200,Justin Holiday,2012,2023,,6,6,180,1610612742,0,Washington,USA
203203,Chris Wright,2012,2012,,6,1,210,0,,Georgetown,USA
203210,JaMychal Green,2014,2023,,6,9,227,1610612744,1,Alabama,USA
203263,James Nunnally,2013,2020,,6,7,205,1610612755,21,Cal-Santa Barbara,USA
203268,Jorge Gutierrez,2013,2015,,6,3,189,1610612751,12,California,Mexico
203315,Toure' Murry,2013,2014,,6,5,195,0,,Wichita State,USA
203317,Tim Ohlbrecht,2012,2012,,6,11,255,1610612745,14,Skyliners Frankfurt,Germany
203318,Glen Rice,2013,2014,2013,6,6,206,0,,Georgia Tech,USA
203382,Aron Baynes,2012,2020,,6,10,260,1610612765,46,Washington State,Australia
203457,Nerlens Noel,2013,2022,2013,6,10,220,0,,Kentucky,USA
203458,Alex Len,2013,2023,2013,7,2,250,1610612758,25,Maryland,Ukraine
203459,Allen Crabbe,2013,2019,2013,6,5,212,0,,California,USA
203460,Andre Roberson,2013,2020,2013,6,7,210,0,,Colorado,USA
203461,Anthony Bennett,2013,2016,2013,6,8,235,0,,UNLV,Canada
203462,Archie Goodwin,2013,2016,2013,6,5,205,1610612756,10,Kentucky,USA
203463,Ben McLemore,2013,2021,2013,6,3,195,1610612757,23,Kansas,USA
203464,Brandon Paul,2017,2017,,6,4,200,1610612759,3,Illinois,USA
203467,Carrick Felix,2013,2013,2013,6,6,201,1610612739,30,Arizona State,USA
203469,Cody Zeller,2013,2023,2013,6,11,240,1610612748,44,Indiana,USA
203471,Dennis Schroder,2013,2023,2013,6,1,172,1610612747,17,Braunschweig,Germany
203473,Dewayne Dedmon,2013,2023,,6,10,245,1610612755,14,Southern California,USA
203474,DJ Stephens,2013,2018,,6,5,188,0,,Memphis,USA
203475,Erick Green,2014,2015,2013,6,4,185,0,,Virginia Tech,USA
203476,Gorgui Dieng,2013,2023,2013,6,10,248,1610612759,41,Louisville,Senegal
203477,Isaiah Canaan,2013,2018,2013,6,0,200,0,,Murray State,USA
203479,Jamaal Franklin,2013,2014,2013,6,5,191,1610612763,22,San Diego State,USA
203480,James Southerland,2013,2013,,6,8,215,1610612740,31,Syracuse,USA
203481,Jeff Withey,2013,2017,2013,7,0,230,0,,Kansas,USA
203482,Kelly Olynyk,2013,2023,2013,6,11,240,1610612762,41,Gonzaga,Canada
203484,Kentavious Caldwell-Pope,2013,2023,2013,6,5,204,1610612743,5,Georgia,USA
203485,Lorenzo Brown,2013,2018,2013,6,5,189,0,,North Carolina State,USA
203486,Mason Plumlee,2013,2023,2013,7,0,254,1610612746,44,Duke,USA
203487,Michael Carter-Williams,2013,2023,2013,6,5,190,1610612753,11,Syracuse,USA
203488,Mike Muscala,2013,2023,2013,6,11,240,1610612764,57,Bucknell,USA
203489,Nate Wolters,2013,2017,2013,6,4,190,0,,South Dakota State,USA
203490,Otto Porter Jr.,2013,2023,2013,6,8,198,1610612761,32,Georgetown,USA
203491,Peyton Siva,2013,2013,2013,6,0,185,1610612765,34,Louisville,USA
203492,Ray McCallum,2013,2015,2013,6,3,190,0,,Detroit,USA
203493,Reggie Bullock,2013,2023,2013,6,6,205,1610612742,25,North Carolina,USA
203495,Ricky Ledo,2013,2014,2013,6,7,195,1610612742,11,Providence,USA
203496,Robert Covington,2013,2023,,6,7,209,1610612746,23,Tennessee State,USA
203497,Rudy Gobert,2013,2023,2013,7,1,258,1610612750,27,Cholet,France
203499,Shane Larkin,2013,2017,2013,5,11,175,1610612751,8,Miami,USA
203500,Steven Adams,2013,2023,2013,6,11,265,1610612763,4,Pittsburgh,New Zealand
203501,Tim Hardaway Jr.,2013,2023,2013,6,5,205,1610612742,11,Michigan,USA
203502,Tony Mitchell,2013,2016,2013,,,,0,,North Texas,USA
203503,Tony Snell,2013,2021,2013,6,6,213,1610612740,21,New Mexico,USA
203504,Trey Burke,2013,2021,2013,6,0,185,1610612742,3,Michigan,USA
203505,Vander Blue,2013,2017,,6,5,200,0,,Marquette,USA
203506,Victor Oladipo,2013,2023,2013,6,3,213,1610612748,4,Indiana,USA
203507,Giannis Antetokounmpo,2013,2023,2013,7,0,243,1610612749,34,Filathlitikos,Greece
203508,Sergey Karasev,2013,2015,2013,6,7,208,1610612751,10,Zenit Saint Petersburg,Russia
203510,Pierre Jackson,2016,2016,2013,5,10,180,0,,Baylor,USA
203513,Erik Murphy,2013,2013,2013,6,10,230,1610612741,33,Florida,Finland
203515,Phil Pressey,2013,2015,,5,11,175,0,,Missouri,USA
203516,James Ennis III,2014,2021,2013,6,6,215,0,,Cal State-Long Beach,USA
203518,Alex Abrines,2016,2018,2013,6,6,200,0,,FC Barcelona,Spain
203521,Matthew Dellavedova,2013,2023,,6,3,200,1610612758,8,St. Mary's,Australia
203524,Solomon Hill,2013,2021,2013,6,6,226,0,,Arizona,USA
203526,Raul Neto,2015,2023,2013,6,2,180,1610612739,19,Murcia,Brazil
203527,Ryan Kelly,2013,2016,2013,6,11,230,1610612747,30,Duke,USA
203530,Joffrey Lauvergne,2014,2017,2013,6,11,260,1610612743,77,Khimki,France
203539,Gal Mekel,2013,2014,,6,3,191,0,,Wichita State,Israel
203540,Gigi Datome,2013,2014,,6,8,215,1610612765,70,Virtus Roma,Italy
203543,Vitor Faverani,2013,2013,,6,11,260,1610612738,38,Valencia,Brazil
203544,Pero Antic,2013,2014,,6,11,260,1610612737,6,Olympiacos,Macedonia
203545,Miroslav Raduljica,2013,2014,,7,0,250,0,,Efes Pilsen,Serbia
203546,Ian Clark,2013,2018,,6,3,175,1610612744,2,Belmont,USA
203548,Elias Harris,2013,2013,,6,8,239,0,,Gonzaga,Germany
203552,Seth Curry,2013,2023,,6,1,185,1610612751,30,Duke,USA
203561,Brandon Davies,2013,2014,,6,10,240,0,,Brigham Young,USA
203564,Kalin Lucas,2014,2018,,6,1,195,1610612763,24,Michigan State,USA
203565,Patrick Christopher,2014,2014,,,,,0,,California,USA
203569,Chris Babb,2013,2014,,6,5,225,1610612738,52,Iowa State,USA
203580,Larry Drew II,2014,2017,,6,2,180,1610612755,1,UCLA,USA
203584,Troy Daniels,2013,2019,,6,4,200,1610612756,30,Va Commonwealth,USA
203585,Rodney McGruder,2016,2023,,6,4,205,1610612765,17,Kansas State,USA
203590,Trey McKinney-Jones,2017,2017,,6,5,220,0,,Miami,USA
203613,Jonathon Simmons,2015,2018,2012,6,6,195,1610612759,14,Houston,USA
203648,Thanasis Antetokounmpo,2015,2023,2014,6,7,219,1610612749,43,Panathinaikos,Greece
203658,Norvel Pelle,2019,2021,,6,10,231,0,,Iona,Antigua and Barbuda
203687,Reggie Hearn,2017,2017,2013,6,5,210,1610612765,38,Northwestern,USA
203798,PJ Hairston,2014,2015,2014,6,6,230,1610612766,19,North Carolina,USA
203805,Will Cherry,2014,2014,,,,,0,,Montana,USA
203810,Casper Ware,2013,2017,,,,,0,,Long Beach State,USA
203816,Scotty Hopson,2013,2021,2011,6,7,204,0,,Tennessee,USA
203893,Russ Smith,2014,2015,2014,6,0,165,0,,Louisville,USA
203895,Jordan McRae,2015,2019,2014,6,5,179,1610612764,52,Tennessee,USA
203897,Zach LaVine,2014,2023,2014,6,5,200,1610612741,8,UCLA,USA
203898,Tyler Ennis,2014,2017,2014,6,3,194,1610612747,10,Syracuse,Canada
203900,Markel Brown,2014,2017,2014,6,3,190,1610612751,26,Oklahoma State,USA
203901,Elfrid Payton,2014,2021,2014,6,3,195,1610612756,2,Louisana-Lafayette,USA
203902,Semaj Christon,2016,2016,2014,6,3,190,1610612760,6,Xavier,USA
203903,Jordan Clarkson,2014,2023,2014,6,5,194,1610612762,00,Missouri,USA
203906,Devyn Marble,2014,2015,2014,6,6,200,1610612753,11,Iowa,USA
203909,KJ McDaniels,2014,2016,2014,6,6,205,1610612745,14,Clemson,USA
203910,Nick Johnson,2014,2014,2014,6,3,202,1610612745,3,Arizona,USA
203912,C.J. Wilcox,2014,2017,2014,6,5,195,1610612746,23,Washington,USA
203913,Jabari Brown,2014,2014,2014,6,5,214,1610612747,15,Missouri,USA
203914,Gary Harris,2014,2023,2014,6,4,210,1610612753,14,Michigan State,USA
203915,Spencer Dinwiddie,2014,2023,2014,6,5,215,1610612751,26,Colorado,USA
203918,Rodney Hood,2014,2021,2014,6,8,208,1610612746,22,Duke,USA
203919,Jordan Adams,2014,2015,2014,6,5,209,1610612763,3,UCLA,USA
203920,Khem Birch,2017,2023,,6,8,233,1610612759,24,UNLV,Canada
203921,Cleanthony Early,2014,2015,2014,6,8,210,1610612752,11,Wichita State,USA
203922,Glenn Robinson III,2014,2020,2014,6,6,222,0,,Michigan,USA
203925,Joe Harris,2014,2023,2014,6,6,220,1610612751,12,Virginia,USA
203926,Doug McDermott,2014,2023,2014,6,6,225,1610612759,17,Creighton,USA
203928,Cory Jefferson,2014,2015,2014,6,9,218,0,,Baylor,USA
203930,Sean Kilpatrick,2014,2017,,6,4,212,1610612751,0,Cincinnati,USA
203932,Aaron Gordon,2014,2023,2014,6,8,235,1610612743,50,Arizona,USA
203933,T.J. Warren,2014,2023,2014,6,8,220,1610612756,21,North Carolina State,USA
203934,Lamar Patterson,2015,2016,2014,6,5,225,0,,Pittsburgh,USA
203935,Marcus Smart,2014,2023,2014,6,4,220,1610612763,36,Oklahoma State,USA
203937,Kyle Anderson,2014,2023,2014,6,9,230,1610612750,5,UCLA,USA
203940,Adreian Payne,2014,2017,2014,6,10,237,0,,Michigan State,USA
203943,Noah Vonleh,2014,2022,2014,6,10,257,0,,Indiana,USA
203945,Alex Kirk,2014,2014,,7,0,245,0,,New Mexico,USA
203949,James Michael McAdoo,2014,2017,,6,9,230,0,,North Carolina,USA
203950,Jarnell Stokes,2014,2016,2014,6,9,255,0,,Tennessee,USA
203952,Andrew Wiggins,2014,2023,2014,6,7,197,1610612744,22,Kansas,Canada
203953,Jabari Parker,2014,2021,2014,6,7,245,0,,Duke,USA
203954,Joel Embiid,2014,2023,2014,7,0,280,1610612755,21,Kansas,Cameroon
203955,Bryce Cotton,2014,2015,,6,1,165,1610612762,8,Providence,USA
203956,Mitch McGary,2014,2015,2014,6,10,255,1610612760,33,Michigan,USA
203957,Dante Exum,2014,2020,2014,6,5,214,1610612762,5,Australian Institute of Sport,Australia
203958,Andre Dawkins,2014,2014,,6,5,219,0,,Duke,USA
203960,JaKarr Sampson,2014,2020,,6,7,214,1610612755,14,St. John's (NY),USA
203961,Eric Moreland,2014,2018,,6,10,238,1610612765,15,Oregon State,USA
203962,Josh Huestis,2015,2017,2014,6,7,230,1610612760,34,Stanford,USA
203963,Shayne Whittington,2014,2015,,6,11,250,1610612754,42,Western Michigan,USA
203966,Jamil Wilson,2017,2017,,6,7,229,0,,Marquette,USA
203967,Dario Saric,2016,2023,2014,6,10,225,1610612760,9,Anadolu Efes,Croatia
203968,Jerrelle Benimon,2014,2014,,,,,0,,Towson,USA
203991,Clint Capela,2014,2023,2014,6,10,256,1610612737,15,Elan Chalon,Switzerland
203994,Jusuf Nurkic,2014,2023,2014,7,0,290,1610612757,27,Cedevita,Bosnia and Herzegovina
203996,Damien Inglis,2014,2015,2014,6,8,246,1610612749,17,Chorale Roanne,France
203998,Bruno Caboclo,2014,2020,2014,6,9,218,0,,Pinheiros,Brazil
203999,Nikola Jokic,2015,2023,2014,6,11,284,1610612743,15,Mega Basket,Serbia
204001,Kristaps Porzingis,2015,2023,2015,7,3,240,1610612738,6,Cajasol Sevilla,Latvia
204002,Edy Tavares,2015,2016,2014,7,3,265,1610612737,40,Gran Canaria,Cabo Verde
204014,Damjan Rudez,2014,2016,,6,10,228,1610612754,3,Zaragoza,Croatia
204020,Tyler Johnson,2014,2021,,6,3,186,0,,Fresno State,USA
204021,Sim Bhullar,2014,2014,,7,5,360,0,,New Mexico State,Canada
204022,Jack Cooley,2014,2017,,6,10,274,1610612762,45,Notre Dame,USA
204025,Tim Frazier,2014,2021,,6,0,170,0,,Penn State,USA
204028,Tarik Black,2014,2017,,6,9,250,1610612747,28,Kansas,USA
204033,David Wear,2014,2014,,6,10,230,0,,UCLA,USA
204037,Travis Wear,2014,2017,,6,10,225,1610612752,21,UCLA,USA
204038,Langston Galloway,2014,2021,,6,1,200,0,,St. Joseph's (PA),USA
204060,Joe Ingles,2014,2023,,6,9,220,1610612749,7,Maccabi Tel Aviv,Australia
204065,David Stockton,2014,2017,2014,5,11,165,1610612762,5,Gonzaga,USA
204079,Drew Gordon,2014,2014,,6,9,245,0,,New Mexico,USA
204098,Xavier Munford,2015,2017,2014,6,4,173,1610612763,0,Rhode Island,USA
204179,Omari Johnson,2017,2017,,6,9,220,0,,Oregon State,Jamaica
204222,Greg Whittington,2020,2020,,6,8,210,0,,Georgetown,USA
204456,T.J. McConnell,2015,2023,2015,6,1,190,1610612754,9,Arizona,USA
600001,Nate Thurmond,1963,1976,1963,6,11,225,1610612744,42,Bowling Green,USA
600003,Bob Cousy,1950,1969,1950,6,1,175,1610612738,14,Holy Cross,USA
600009,Rory Sparrow,1980,1991,1980,6,2,175,1610612752,2,Villanova,USA
600010,Len Elmore,1976,1983,1974,6,10,220,1610612751,44,Maryland,USA
600011,Lamar Green,1969,1974,1969,6,7,210,1610612756,16,Morehead State,USA
600012,George Mikan,1948,1955,,6,10,245,1610612747,99,DePaul,USA
600013,Rick Barry,1965,1979,1965,6,7,205,1610612744,24,Miami,USA
600014,Artis Gilmore,1976,1987,1971,7,2,240,1610612741,53,Jacksonville,USA
600015,Oscar Robertson,1960,1973,1960,6,5,205,1610612758,14,Cincinnati,USA
600016,Maurice Stokes,1955,1957,1955,6,7,232,1610612758,12,St. Francis (PA),USA
1626122,Makhtar N'diaye,1998,1998,,6,8,245,1610612763,40,North Carolina,
1626143,Jahlil Okafor,2015,2020,2015,6,10,270,1610612755,13,Duke,USA
1626144,Emmanuel Mudiay,2015,2021,2015,6,3,200,0,,Guangdong,DRC
1626145,Tyus Jones,2015,2023,2015,6,2,196,1610612764,21,Duke,USA
1626146,Cliff Alexander,2015,2015,,6,8,240,1610612757,34,Kansas,USA
1626147,Justin Anderson,2015,2021,2015,6,5,231,0,,Virginia,USA
1626148,Anthony Brown,2015,2017,2015,6,7,224,1610612747,3,Stanford,USA
1626149,Montrezl Harrell,2015,2023,2015,6,7,240,1610612755,5,Louisville,USA
1626150,Andrew Harrison,2016,2018,2015,6,6,213,0,,Kentucky,USA
1626151,Aaron Harrison,2015,2017,,6,6,210,1610612766,9,Kentucky,USA
1626153,Delon Wright,2015,2023,2015,6,5,185,1610612764,55,Utah,USA
1626154,RJ Hunter,2015,2018,2015,6,5,185,1610612738,28,Georgia State,USA
1626155,Sam Dekker,2015,2021,2015,6,8,219,0,,Wisconsin,USA
1626156,D'Angelo Russell,2015,2023,2015,6,4,193,1610612747,1,Ohio State,USA
1626157,Karl-Anthony Towns,2015,2023,2015,7,0,248,1610612750,32,Kentucky,USA
1626158,Richaun Holmes,2015,2023,2015,6,8,235,1610612758,22,Bowling Green,USA
1626159,Justise Winslow,2015,2023,2015,6,6,222,1610612757,26,Duke,USA
1626161,Willie Cauley-Stein,2015,2023,2015,7,0,240,1610612745,00,Kentucky,USA
1626162,Kelly Oubre Jr.,2015,2023,2015,6,6,203,1610612766,12,Kansas,USA
1626163,Frank Kaminsky,2015,2023,2015,7,0,240,1610612745,33,Wisconsin,USA
1626164,Devin Booker,2015,2023,2015,6,5,206,1610612756,1,Kentucky,USA
1626166,Cameron Payne,2015,2023,2015,6,1,183,1610612756,15,Murray State,USA
1626167,Myles Turner,2015,2023,2015,6,11,250,1610612754,33,Texas,USA
1626171,Bobby Portis,2015,2023,2015,6,11,250,1610612749,9,Arkansas,USA
1626172,Kevon Looney,2015,2023,2015,6,9,222,1610612744,5,UCLA,USA
1626173,Rashad Vaughn,2015,2017,2015,6,6,202,0,,UNLV,USA
1626174,Christian Wood,2015,2023,,6,9,214,1610612742,35,UNLV,USA
1626175,Jordan Mickey,2015,2017,2015,6,8,235,1610612738,25,Louisiana State,USA
1626176,Rakeem Christmas,2015,2016,2015,6,9,250,1610612754,25,Syracuse,USA
1626177,Dakari Johnson,2017,2017,2015,7,0,255,1610612760,44,Kentucky,USA
1626179,Terry Rozier,2015,2023,2015,6,1,190,1610612766,3,Louisville,USA
1626181,Norman Powell,2015,2023,2015,6,4,215,1610612746,24,UCLA,USA
1626185,Jarell Martin,2015,2018,2015,6,10,239,1610612763,2,Louisiana State,USA
1626187,Michael Frazier II,2018,2019,,6,3,200,1610612745,21,Florida,USA
1626188,Quinn Cook,2016,2020,,6,1,180,0,,Duke,USA
1626191,Chris McCullough,2015,2017,2015,6,9,215,1610612751,1,Syracuse,USA
1626192,Pat Connaughton,2015,2023,2015,6,5,209,1610612749,24,Notre Dame,USA
1626195,Willy Hernangomez,2016,2023,2015,6,11,250,1610612740,9,Cajasol Sevilla,Spain
1626196,Josh Richardson,2015,2023,2015,6,6,200,1610612748,2,Tennessee,USA
1626199,Darrun Hilliard,2015,2017,2015,6,6,220,1610612765,24,Villanova,USA
1626202,Joe Young,2015,2017,2015,6,2,185,1610612754,3,Oregon,USA
1626203,Treveon Graham,2016,2019,,6,5,219,1610612766,2,Virginia Commonwealth,USA
1626204,Larry Nance Jr.,2015,2023,2015,6,8,245,1610612740,22,Wyoming,USA
1626205,Vincent Hunter,2017,2017,,6,8,208,0,,Texas-El Paso,USA
1626208,Keifer Sykes,2021,2021,,5,11,167,0,,Green Bay,USA
1626209,Mario Hezonja,2015,2019,2015,6,8,220,1610612753,44,FC Barcelona,Croatia
1626210,Alan Williams,2015,2018,,6,8,265,1610612756,15,Cal-Santa Barbara,USA
1626214,Bryce Dejean-Jones,2015,2015,,6,6,203,0,,Iowa State,USA
1626220,Royce O'Neale,2017,2023,,6,6,226,1610612751,00,Baylor,USA
1626224,Cedi Osman,2017,2023,2015,6,7,230,1610612739,16,Anadolu Efes,Turkey
1626245,Cristiano Felicio,2015,2020,,6,11,270,1610612741,6,Flamengo,Brazil
1626246,Boban Marjanovic,2015,2023,,7,4,290,1610612745,51,Crvena zvezda,Serbia
1626251,Duje Dukan,2015,2015,,6,9,220,1610612758,26,Wisconsin,Croatia
1626253,Axel Toupane,2015,2020,,6,7,210,1610612743,66,Strasbourg IG,France
1626254,Maurice Ndour,2016,2016,,6,9,200,1610612752,2,Ohio,Senegal
1626259,Malcolm Miller,2017,2019,,6,7,210,1610612761,13,Holy Cross,USA
1626262,Coty Clarke,2015,2015,,6,7,225,0,,Arkansas,USA
1626266,JJ O'Brien,2015,2015,,6,7,220,0,,San Diego State,USA
1626273,Marcelo Huertas,2015,2016,,6,3,200,0,,FC Barcelona,Brazil
1626296,Jordan Sibert,2018,2018,2015,6,4,187,0,,Dayton,USA
1626780,Jonathan Gibson,2016,2018,,6,2,185,1610612742,3,New Mexico State,USA
1627098,Malcolm Delaney,2016,2017,,6,3,190,1610612737,5,Virginia Tech,USA
1627215,Walt Lemon Jr.,2017,2018,2014,6,3,180,1610612741,25,Bradley,USA
1627293,Alex Stepheson,2015,2015,,6,10,270,0,,Southern California,USA
1627362,Briante Weber,2015,2017,,6,2,165,1610612745,3,Virginia Commonwealth,USA
1627395,Julian Washburn,2018,2018,2015,6,8,209,1610612763,4,Texas-El Paso,USA
1627732,Ben Simmons,2016,2023,2016,6,10,240,1610612751,10,Louisiana State,Australia
1627733,Dragan Bender,2016,2019,2016,7,0,249,0,,Maccabi Tel Aviv,Croatia
1627734,Domantas Sabonis,2016,2023,2016,7,1,240,1610612758,10,Gonzaga,Lithuania
1627735,Wade Baldwin IV,2016,2018,2016,6,4,200,0,,Vanderbilt,USA
1627736,Malik Beasley,2016,2023,2016,6,4,187,1610612747,5,Florida State,USA
1627737,Marquese Chriss,2016,2021,2016,6,9,240,1610612742,35,Washington,USA
1627739,Kris Dunn,2016,2023,2016,6,3,205,1610612762,11,Providence,USA
1627740,Henry Ellenson,2016,2020,2016,6,10,240,0,,Marquette,USA
1627741,Buddy Hield,2016,2023,2016,6,4,220,1610612754,24,Oklahoma,Bahamas
1627742,Brandon Ingram,2016,2023,2016,6,8,190,1610612740,14,Duke,USA
1627743,Demetrius Jackson,2016,2018,2016,6,1,201,0,,Notre Dame,USA
1627744,Brice Johnson,2016,2017,2016,6,10,230,0,,North Carolina,USA
1627745,Damian Jones,2016,2023,2016,6,11,245,1610612762,15,Vanderbilt,USA
1627746,Skal Labissiere,2016,2019,2016,6,10,235,1610612758,7,Kentucky,Haiti
1627747,Caris LeVert,2016,2023,2016,6,6,205,1610612739,3,Michigan,USA
1627748,Thon Maker,2016,2020,2016,7,0,221,0,,Athlete Institute Prep,South Sudan
1627749,Dejounte Murray,2016,2023,2016,6,5,180,1610612737,5,Washington,USA
1627750,Jamal Murray,2016,2023,2016,6,4,215,1610612743,27,Kentucky,Canada
1627751,Jakob Poeltl,2016,2023,2016,7,1,245,1610612761,19,Utah,Austria
1627754,Diamond Stone,2016,2016,2016,6,11,255,1610612746,0,Maryland,USA
1627755,Tyler Ulis,2016,2018,2016,5,10,160,0,,Kentucky,USA
1627756,Denzel Valentine,2016,2021,2016,6,4,220,0,,Michigan State,USA
1627757,Stephen Zimmerman,2016,2016,2016,7,0,240,1610612753,33,UNLV,USA
1627758,Ron Baker,2016,2018,,6,4,220,0,,Wichita State,USA
1627759,Jaylen Brown,2016,2023,2016,6,6,223,1610612738,7,California,USA
1627760,Cat Barber,2021,2021,2016,6,1,173,0,,North Carolina State,USA
1627761,DeAndre' Bembry,2016,2021,2016,6,5,210,0,,St. Joseph's (PA),USA
1627767,Cheick Diallo,2016,2021,2016,6,8,219,0,,Kansas,Mali
1627770,Kay Felder,2016,2017,2016,5,9,176,1610612739,22,Oakland,USA
1627771,Michael Gbinije,2016,2016,2016,6,7,200,1610612765,9,Syracuse,USA
1627772,Daniel Hamilton,2017,2018,2016,6,7,195,0,,UCONN,USA
1627774,Jake Layman,2016,2021,2016,6,8,209,1610612750,10,Maryland,USA
1627775,Patrick McCaw,2016,2020,2016,6,7,181,0,,UNLV,USA
1627777,Georges Niang,2016,2023,2016,6,7,230,1610612755,20,Iowa State,USA
1627778,Chinanu Onuaku,2016,2017,2016,6,10,245,1610612745,21,Louisville,USA
1627779,Marcus Paige,2017,2017,2016,6,0,164,1610612766,4,North Carolina,USA
1627780,Gary Payton II,2016,2023,,6,2,195,1610612744,8,Oregon State,USA
1627781,Malachi Richardson,2016,2018,2016,6,6,205,0,,Syracuse,USA
1627782,Wayne Selden,2016,2021,2016,6,4,232,0,,Kansas,USA
1627783,Pascal Siakam,2016,2023,2016,6,8,230,1610612761,43,New Mexico State,Cameroon
1627784,Jarrod Uthoff,2016,2019,,6,9,220,1610612742,7,Iowa,USA
1627785,Isaiah Whitehead,2016,2018,2016,6,4,213,1610612751,12,Seton Hall,USA
1627786,Troy Williams,2016,2018,,6,7,218,1610612763,19,Indiana,USA
1627788,Furkan Korkmaz,2017,2023,2016,6,7,202,1610612755,30,Anadolu Efes,Turkey
1627789,Timothe Luwawu-Cabarrot,2016,2021,2016,6,7,215,1610612737,7,,France
1627790,Ante Zizic,2017,2019,2016,6,10,266,1610612739,41,Darussafaka,Croatia
1627791,Ben Bentil,2016,2016,2016,6,9,235,0,,Providence,Ghana
1627812,Yogi Ferrell,2016,2020,,6,0,178,1610612758,11,Indiana,USA
1627814,Damion Lee,2017,2023,,6,5,210,1610612756,10,Drexel,USA
1627815,Sheldon Mac,2016,2016,2016,6,6,200,1610612764,9,Miami,USA
1627816,Alex Poythress,2016,2018,,6,9,235,1610612754,22,Kentucky,USA
1627820,Tyrone Wallace,2017,2021,2016,6,5,198,0,,California,USA
1627821,James Webb III,2017,2017,2016,6,9,202,1610612751,0,Boise State,USA
1627824,Guerschon Yabusele,2016,2018,2016,6,8,260,1610612738,30,Rouen Metropole,France
1627826,Ivica Zubac,2016,2023,2016,7,0,240,1610612746,40,Mega Basket,Croatia
1627834,Georgios Papagiannis,2016,2017,2016,7,1,240,1610612758,19,Panathinaikos,Greece
1627835,Paul Zipser,2016,2017,2016,6,8,226,1610612741,16,Bayern Munich,Germany
1627846,Abdel Nader,2017,2021,2016,6,5,225,0,,Iowa State,Egypt
1627848,Shawn Long,2016,2016,,6,9,255,1610612755,36,Louisiana-Lafayette,USA
1627849,Daniel Ochefu,2016,2016,,6,11,245,1610612764,32,Villanova,USA
1627850,Marshall Plumlee,2016,2017,,7,0,250,1610612752,40,Duke,USA
1627851,Mindaugas Kuzminskas,2016,2017,,6,9,215,0,,Malaga,Lithuania
1627852,Nicolas Brussino,2016,2017,,6,8,195,0,,Penarol,Argentina
1627853,Ryan Arcidiacono,2017,2022,,6,3,195,0,,Villanova,USA
1627854,Bryn Forbes,2016,2022,,6,2,205,0,,Michigan State,USA
1627855,Okaro White,2016,2018,,6,8,205,0,,Florida State,USA
1627856,Matt Costello,2017,2017,,6,10,240,1610612759,10,Michigan State,USA
1627858,Kyle Collinsworth,2017,2017,2016,6,6,210,1610612742,8,Brigham Young,USA
1627861,Mike Tobey,2016,2016,,7,0,260,0,,Virginia,USA
1627863,Danuel House Jr.,2016,2023,,6,6,220,1610612755,25,Texas A&M,USA
1627866,Jameel Warney,2017,2017,,6,8,260,0,,Stony Brook,USA
1627868,Patricio Garino,2016,2016,,6,6,203,1610612753,29,George Washington,Argentina
1627875,Marcus Georges-Hunt,2016,2017,,6,5,226,1610612750,13,Georgia Tech,USA
1627879,Nicolas Laprovittola,2016,2016,,6,4,180,0,,Estudiantes,Argentina
1627883,Jalen Jones,2017,2018,2016,6,7,220,0,,Texas A&M,USA
1627884,Derrick Jones Jr.,2016,2023,,6,6,210,1610612741,5,UNLV,USA
1627885,Shaquille Harrison,2017,2022,,6,4,195,1610612747,0,Tulsa,USA
1627936,Alex Caruso,2017,2023,,6,5,186,1610612741,6,Texas A&M,USA
1627982,Josh Gray,2017,2019,,6,0,180,1610612756,5,Louisiana State,USA
1627988,Myke Henry,2017,2017,2016,6,6,210,1610612763,4,DePaul,USA
1628035,Alfonzo McKinnie,2017,2021,,6,7,215,0,,Wisconsin-Green Bay,USA
1628070,Jordan Loyd,2018,2018,,6,4,210,1610612761,8,Indianapolis,USA
1628221,Gabe York,2021,2023,,6,3,190,1610612754,32,Arizona,USA
1628238,Paris Bass,2021,2021,,6,8,200,0,,Detroit Mercy,USA
1628249,Mitchell Creek,2018,2018,,6,6,225,1610612751,55,,Australia
1628365,Markelle Fultz,2017,2023,2017,6,4,209,1610612753,20,Washington,USA
1628366,Lonzo Ball,2017,2023,2017,6,6,190,1610612741,2,UCLA,USA
1628367,Josh Jackson,2017,2021,2017,6,8,207,1610612758,55,Kansas,USA
1628368,De'Aaron Fox,2017,2023,2017,6,3,185,1610612758,5,Kentucky,USA
1628369,Jayson Tatum,2017,2023,2017,6,8,210,1610612738,0,Duke,USA
1628370,Malik Monk,2017,2023,2017,6,3,200,1610612758,0,Kentucky,USA
1628371,Jonathan Isaac,2017,2023,2017,6,10,230,1610612753,1,Florida State,USA
1628372,Dennis Smith Jr.,2017,2023,2017,6,2,205,1610612766,8,North Carolina State,USA
1628373,Frank Ntilikina,2017,2023,2017,6,4,200,1610612742,21,Strasbourg IG,France
1628374,Lauri Markkanen,2017,2023,2017,7,0,240,1610612762,23,Arizona,Finland
1628378,Donovan Mitchell,2017,2023,2017,6,1,215,1610612739,45,Louisville,USA
1628379,Luke Kennard,2017,2023,2017,6,5,206,1610612763,10,Duke,USA
1628380,Zach Collins,2017,2023,2017,6,11,250,1610612759,23,Gonzaga,USA
1628381,John Collins,2017,2023,2017,6,9,226,1610612737,20,Wake Forest,USA
1628383,Justin Patton,2017,2020,2017,6,11,241,0,,Creighton,USA
1628384,O.G. Anunoby,2017,2023,2017,6,7,232,1610612761,3,Indiana,United Kingdom
1628385,Harry Giles III,2017,2020,2017,6,11,240,1610612758,4,Duke,USA
1628386,Jarrett Allen,2017,2023,2017,6,9,243,1610612739,31,Texas,USA
1628387,Ike Anigbogu,2017,2018,2017,6,10,250,0,,UCLA,USA
1628388,T.J. Leaf,2017,2020,2017,6,10,222,1610612754,18,UCLA,USA
1628389,Bam Adebayo,2017,2023,2017,6,9,255,1610612748,13,Kentucky,USA
1628390,Terrance Ferguson,2017,2020,2017,6,6,190,0,,,USA
1628391,D.J. Wilson,2017,2021,2017,6,10,231,0,,Michigan,USA
1628392,Isaiah Hartenstein,2018,2023,2017,7,0,250,1610612752,55,Zalgiris,Germany
1628394,Anzejs Pasecniks,2019,2020,2017,7,1,229,0,,Gran Canaria,Latvia
1628395,Jordan Bell,2017,2021,2017,6,7,216,0,,Oregon,USA
1628396,Tony Bradley,2017,2022,2017,6,11,248,0,,North Carolina,USA
1628398,Kyle Kuzma,2017,2023,2017,6,9,221,1610612764,33,Utah,USA
1628399,Tyler Lydon,2017,2018,2017,6,10,225,1610612743,20,Syracuse,USA
1628400,Semi Ojeleye,2017,2021,2017,6,6,240,0,,Southern Methodist,USA
1628401,Derrick White,2017,2023,2017,6,4,190,1610612738,9,Colorado,USA
1628402,Frank Jackson,2017,2022,2017,6,3,205,0,,Duke,USA
1628403,Caleb Swanigan,2017,2019,2017,6,9,260,1610612757,50,Purdue,USA
1628405,Johnathan Motley,2017,2019,,6,8,230,1610612746,15,Baylor,USA
1628407,Dwayne Bacon,2017,2020,2017,6,6,221,1610612753,8,Florida State,USA
1628408,PJ Dozier,2017,2023,,6,6,205,1610612758,35,South Carolina,USA
1628409,Alec Peters,2017,2017,2017,6,9,235,1610612756,25,Valparaiso,USA
1628410,Edmond Sumner,2017,2023,2017,6,4,196,1610612751,4,Xavier,USA
1628411,Wes Iwundu,2017,2021,2017,6,6,195,0,,Kansas State,USA
1628412,Frank Mason III,2017,2020,2017,5,11,190,0,,Kansas,USA
1628413,Jonah Bolden,2018,2019,2017,6,8,225,0,,UCLA,Australia
1628414,Sindarius Thornwell,2017,2020,2017,6,4,215,1610612746,15,South Carolina,USA
1628415,Dillon Brooks,2017,2023,2017,6,6,225,1610612763,24,Oregon,Canada
1628416,Tyler Dorsey,2017,2022,2017,6,4,180,0,,Oregon,USA
1628417,Jaron Blossomgame,2018,2018,2017,6,8,220,1610612739,4,Clemson,USA
1628418,Thomas Bryant,2017,2023,2017,6,10,248,1610612748,13,Indiana,USA
1628419,Cameron Oliver,2020,2021,,6,8,239,0,,Nevada,USA
1628420,Monte Morris,2017,2023,2017,6,2,183,1610612764,22,Iowa State,USA
1628421,Devin Robinson,2017,2018,2017,6,8,200,1610612764,7,Florida,USA
1628422,Damyean Dotson,2017,2021,2017,6,5,210,0,,Houston,USA
1628425,Sterling Brown,2017,2022,2017,6,5,219,0,,Southern Methodist,USA
1628427,Vlatko Cancar,2019,2023,2017,6,8,236,1610612743,31,San Pablo Burgos,Slovenia
1628429,Charles Cooke,2017,2017,,6,5,196,1610612740,4,University of Dayton,USA
1628430,Nigel Williams-Goss,2019,2019,2017,6,2,190,1610612762,0,Gonzaga,USA
1628432,Davon Reed,2017,2022,2017,6,5,206,0,,Miami,USA
1628439,Isaiah Hicks,2017,2018,,6,9,230,1610612752,4,North Carolina,USA
1628443,Kadeem Allen,2017,2019,2017,6,1,200,0,,Arizona,USA
1628444,Jabari Bird,2017,2017,2017,6,6,198,1610612738,26,California,USA
1628449,Chris Boucher,2017,2023,,6,9,200,1610612761,25,Oregon,Saint Lucia
1628451,Jacob Wiley,2017,2017,,6,8,223,0,,Eastern Washington,USA
1628455,Mike James,2017,2020,,6,1,175,1610612756,55,Lamar,USA
1628462,Milos Teodosic,2017,2018,,6,5,196,0,,CSKA Moscow,Serbia
1628463,Tyler Cavanaugh,2017,2018,,6,9,238,1610612737,34,George Washington,USA
1628464,Daniel Theis,2017,2023,,6,8,245,1610612754,27,Brose Bamberg,Germany
1628467,Maxi Kleber,2017,2023,,6,10,240,1610612742,42,Bayern Munich,Germany
1628469,Antonio Blakeney,2017,2018,,6,4,192,1610612741,9,Louisiana State,USA
1628470,Torrey Craig,2017,2023,,6,7,221,1610612756,0,South Carolina Upstate,USA
1628475,Matt Williams Jr.,2017,2017,,6,5,210,0,,Central Florida,USA
1628476,Derrick Walton Jr.,2017,2021,,6,0,185,0,,Michigan,USA
1628492,Gian Clavell,2017,2017,,6,4,185,0,,Colorado State,Puerto Rico
1628493,Mangok Mathiang,2017,2017,,6,10,230,1610612766,9,Louisville,Australia
1628495,Milton Doyle,2017,2017,2017,6,4,180,1610612751,14,Loyola (IL),USA
1628500,Ben Moore,2017,2018,,6,8,220,1610612754,26,Southern Methodist,USA
1628502,Nigel Hayes,2017,2017,,6,7,254,1610612758,40,Wisconsin,USA
1628503,Jamel Artis,2017,2017,,6,7,213,1610612753,0,Pittsburgh,USA
1628504,Xavier Rathan-Mayes,2017,2017,2017,6,4,208,0,,Florida State,Canada
1628505,Troy Caupain,2018,2018,,6,4,210,1610612753,3,Cincinnati,USA
1628506,London Perrantes,2017,2017,2017,6,2,190,0,,Virginia,USA
1628510,Andrew White III,2017,2017,2017,6,7,210,1610612737,4,Syracuse,USA
1628513,Naz Mitrou-Long,2017,2019,,6,3,218,1610612762,15,Iowa State,Canada
1628515,Isaiah Briscoe,2018,2018,,6,3,215,0,,Kentucky,USA
1628537,Jaylen Morris,2017,2021,,6,5,185,0,,Molloy,USA
1628571,Erik McCree,2017,2017,,6,8,225,1610612762,21,Louisiana Tech,USA
1628578,Amida Brimah,2020,2020,,6,10,230,1610612754,37,Connecticut,USA
1628591,Craig Sword,2021,2021,,6,3,196,0,,Mississippi State,USA
1628605,Dusty Hannahs,2018,2019,2017,6,3,210,0,,Arkansas,USA
1628656,Billy Garrett,2018,2018,,6,6,215,1610612752,3,DePaul,USA
1628778,Paul Watson,2019,2021,,6,6,210,0,,Fresno State,USA
1628935,Aaron Jackson,2017,2017,,6,3,183,1610612745,5,Duquesne,USA
1628959,Rawle Alkins,2018,2018,,6,5,225,1610612741,20,Arizona,USA
1628960,Grayson Allen,2018,2023,2018,6,4,198,1610612749,12,Duke,USA
1628961,Kostas Antetokounmpo,2018,2020,2018,6,10,200,1610612747,37,University of Dayton,Greece
1628962,Udoka Azubuike,2020,2023,2020,6,11,270,1610612762,20,Kansas,Nigeria
1628963,Marvin Bagley III,2018,2023,2018,6,10,235,1610612765,35,Duke,USA
1628968,Brian Bowen II,2019,2020,,6,6,190,0,,,USA
1628969,Mikal Bridges,2018,2023,2018,6,6,209,1610612751,1,Villanova,USA
1628970,Miles Bridges,2018,2023,2018,6,7,225,1610612766,0,Michigan State,USA
1628971,Bruce Brown,2018,2023,2018,6,4,202,1610612743,11,Miami,USA
1628972,Troy Brown Jr.,2018,2023,2018,6,7,215,1610612747,7,Oregon,USA
1628973,Jalen Brunson,2018,2023,2018,6,2,190,1610612752,11,Villanova,USA
1628975,Jevon Carter,2018,2023,2018,6,1,200,1610612749,5,West Virginia,USA
1628976,Wendell Carter Jr.,2018,2023,2018,6,10,270,1610612753,34,Duke,USA
1628977,Hamidou Diallo,2018,2023,2018,6,5,202,1610612765,6,Kentucky,USA
1628978,Donte DiVincenzo,2018,2023,2018,6,4,203,1610612744,0,Villanova,USA
1628979,Trevon Duval,2018,2018,,6,2,189,1610612749,0,Duke,USA
1628980,Jacob Evans,2018,2019,2018,6,4,210,1610612744,12,Cincinnati,USA
1628981,Bruno Fernando,2019,2023,2019,6,10,240,1610612737,0,Maryland,Angola
1628982,Melvin Frazier Jr.,2018,2021,2018,6,5,215,1610612760,6,Tulane,USA
1628983,Shai Gilgeous-Alexander,2018,2023,2018,6,6,195,1610612760,2,Kentucky,Canada
1628984,Devonte' Graham,2018,2023,2018,6,1,195,1610612759,4,Kansas,USA
1628987,Kevin Hervey,2019,2019,2018,6,9,230,1610612760,15,Texas-Arlington,USA
1628988,Aaron Holiday,2018,2023,2018,6,0,185,1610612737,3,UCLA,USA
1628990,Chandler Hutchison,2018,2021,2018,6,6,210,0,,Boise State,USA
1628991,Jaren Jackson Jr.,2018,2023,2018,6,10,242,1610612763,13,Michigan State,USA
1628994,George King,2018,2021,2018,6,6,220,0,,Colorado,USA
1628995,Kevin Knox II,2018,2023,2018,6,7,215,1610612757,11,Kentucky,USA
1628997,Caleb Martin,2019,2023,,6,5,205,1610612748,16,Nevada,USA
1628998,Cody Martin,2019,2023,2019,6,6,205,1610612766,11,Nevada,USA
1628999,Yante Maten,2018,2018,2018,6,8,240,1610612748,00,Georgia,USA
1629001,De'Anthony Melton,2018,2023,2018,6,2,200,1610612755,8,Southern California,USA
1629002,Chimezie Metu,2018,2023,2018,6,9,225,1610612758,7,Southern California,USA
1629003,Shake Milton,2018,2023,2018,6,5,205,1610612755,18,Southern Methodist,USA
1629004,Svi Mykhailiuk,2018,2023,2018,6,7,205,1610612766,17,Kansas,Ukraine
1629005,Malik Newman,2019,2021,2018,6,3,190,0,,Kansas,USA
1629006,Josh Okogie,2018,2023,2018,6,4,213,1610612756,2,Georgia Tech,Nigeria
1629007,Jontay Porter,2019,2020,,6,11,240,1610612763,4,Missouri,USA
1629011,Mitchell Robinson,2018,2023,2018,7,0,240,1610612752,23,Western Kentucky,USA
1629013,Landry Shamet,2018,2023,2018,6,4,190,1610612764,14,Wichita State,USA
1629014,Anfernee Simons,2018,2023,2018,6,3,181,1610612757,1,Edgewater HS (FL),USA
1629015,Zhaire Smith,2018,2019,2018,6,3,205,1610612755,5,Texas Tech,USA
1629016,Omari Spellman,2018,2019,2018,6,8,245,1610612744,14,Villanova,USA
1629019,Allonzo Trier,2018,2019,2018,6,4,200,0,,Arizona,USA
1629020,Jarred Vanderbilt,2018,2023,2018,6,8,214,1610612747,2,Kentucky,USA
1629022,Lonnie Walker IV,2018,2023,2018,6,4,204,1610612747,4,Miami,USA
1629027,Trae Young,2018,2023,2018,6,1,164,1610612737,11,Oklahoma,USA
1629028,Deandre Ayton,2018,2023,2018,7,0,250,1610612756,22,Arizona,Bahamas
1629029,Luka Doncic,2018,2023,2018,6,7,230,1610612742,77,Real Madrid,Slovenia
1629033,Theo Pinson,2018,2023,,6,7,212,1610612742,1,North Carolina,USA
1629034,Ray Spalding,2018,2020,2018,6,9,225,0,,Louisville,USA
1629035,Carsen Edwards,2019,2021,2019,5,11,200,1610612765,4,Purdue,USA
1629044,Shamorie Ponds,2019,2019,,6,0,175,0,,"St. John's, N.Y.",USA
1629045,Bonzie Colson,2018,2018,,6,6,225,1610612749,50,Notre Dame,USA
1629048,Goga Bitadze,2019,2023,2019,6,11,250,1610612753,88,Mega Basket,Georgia
1629052,Oshae Brissett,2019,2023,,6,7,210,1610612754,12,Syracuse,Canada
1629053,Vincent Edwards,2018,2018,2018,6,8,225,1610612745,12,Purdue,USA
1629055,Donte Grantham,2018,2018,2018,6,8,215,1610612760,15,Clemson,USA
1629056,Terence Davis,2019,2023,,6,4,201,1610612758,3,Mississippi,USA
1629057,Robert Williams III,2018,2023,2018,6,9,237,1610612738,44,Texas A&M,USA
1629058,Dzanan Musa,2018,2019,2018,6,9,217,1610612751,13,Cedevita,Bosnia and Herzegovina
1629059,Elie Okobo,2018,2019,2018,6,3,190,1610612756,2,Elan Bearnais,France
1629060,Rui Hachimura,2019,2023,2019,6,8,230,1610612747,28,Gonzaga,Japan
1629061,Deng Adel,2018,2018,2018,6,7,200,1610612739,32,Louisville,South Sudan
1629065,Ky Bowman,2019,2019,,6,1,187,1610612744,12,Boston College,USA
1629066,Rodions Kurucs,2018,2020,2018,6,9,228,0,,FC Barcelona,Latvia
1629067,Isaac Bonga,2018,2021,2018,6,8,180,1610612761,17,Skyliners Frankfurt,Germany
1629071,LiAngelo Ball,,,2018,,,,0,,,USA
1629083,Arnoldas Kulboka,2021,2021,2018,6,10,209,1610612766,98,,Lithuania
1629091,Elijah Bryant,2020,2020,,6,5,210,1610612749,3,Brigham Young,USA
1629093,Tyler Davis,2018,2018,,6,10,266,0,,Texas A&M,USA
1629094,Marcus Derrickson,2018,2018,,6,7,249,1610612744,32,Georgetown,USA
1629102,Brandon Sampson,2018,2018,2018,6,5,184,1610612741,44,Louisiana State,USA
1629103,Kelan Martin,2019,2021,,6,5,230,0,,Butler,USA
1629111,Jock Landale,2021,2023,,6,11,255,1610612756,11,St. Mary's,Australia
1629116,Angel Delgado,2018,2018,2018,6,10,245,1610612746,31,Seton Hall,Dominican Republic
1629117,Wenyen Gabriel,2018,2023,,6,9,205,1610612747,35,Kentucky,South Sudan
1629118,Thomas Welsh,2018,2018,2018,7,0,255,1610612743,45,UCLA,USA
1629121,Jaylen Adams,2018,2020,,6,0,225,0,,St. Bonaventure,USA
1629122,J.P. Macura,2018,2019,2018,6,4,203,0,,Xavier,USA
1629126,Deonte Burton,2018,2022,,6,4,240,0,,Iowa State,USA
1629129,Trevon Bluiett,2018,2018,2018,6,6,198,1610612740,5,Xavier,USA
1629130,Duncan Robinson,2018,2023,,6,7,215,1610612748,55,Michigan,USA
1629133,Daryl Macon,2018,2019,2018,6,2,185,0,,Arkansas,USA
1629134,Kendrick Nunn,2018,2023,,6,3,190,1610612764,20,Oakland,USA
1629140,Johnathan Williams,2018,2019,,6,9,228,1610612747,19,Gonzaga,USA
1629147,Joe Chealey,2018,2019,2018,6,4,190,0,,College of Charleston,USA
1629150,Emanuel Terry,2018,2021,,6,9,220,0,,Lincoln Memorial,USA
1629151,Ryan Broekhoff,2018,2019,,6,6,215,1610612742,45,Valparaiso,Australia
1629152,DeVaughn Akoon-Purcell,2018,2018,2016,6,6,200,0,,Illinois State,Trinidad and Tobago
1629155,Zach Lofton,2018,2018,,6,4,180,0,,New Mexico State,USA
1629162,Jordan McLaughlin,2019,2023,,6,0,185,1610612750,6,Southern California,USA
1629164,Brandon Goodwin,2018,2021,,6,0,180,1610612739,00,Florida Gulf Coast,USA
1629185,Chris Chiozza,2018,2021,,5,11,175,1610612744,2,Florida,USA
1629203,Jemerrio Jones,2018,2021,2018,6,5,175,0,,New Mexico State,USA
1629216,Gabe Vincent,2019,2023,,6,2,200,1610612748,2,California-Santa Barbara,USA
1629234,Drew Eubanks,2018,2023,,6,10,245,1610612756,24,Oregon State,USA
1629244,Cam Reynolds,2018,2020,,6,7,225,0,,Tulane,USA
1629308,Juan Toscano-Anderson,2019,2023,,6,6,209,1610612762,95,Marquette,USA
1629309,Trayvon Palmer,2021,2021,,6,6,200,0,,Chicago State,USA
1629312,Haywood Highsmith,2018,2023,2018,6,5,220,1610612748,24,Wheeling Jesuit,USA
1629341,Tarik Phillip,2018,2018,,6,3,195,1610612764,22,West Virginia,USA
1629346,Alen Smailagic,2019,2020,2019,6,10,215,1610612744,6,Beko,Serbia
1629353,Isaac Humphries,2018,2018,2017,7,0,260,1610612737,8,Kentucky,Australia
1629541,Dairis Bertans,2018,2018,,6,4,200,1610612740,9,Olimpia Milano,Latvia
1629597,Zylan Cheatham,2019,2021,,6,5,220,0,,Arizona State,USA
1629598,Chris Clemons,2019,2019,,5,9,180,1610612745,3,Campbell University,USA
1629600,Jarron Cumberland,2021,2021,,6,5,205,0,,Cincinnati,USA
1629602,Javin DeLaurier,2021,2021,,6,10,234,0,,Duke,USA
1629603,Mamadi Diakite,2020,2023,,6,9,228,1610612739,21,Virginia,Guinea
1629604,CJ Elleby,2020,2021,2020,6,6,200,1610612757,16,Washington State,USA
1629605,Tacko Fall,2019,2021,,7,6,311,0,,UCF,Senegal
1629607,Jared Harper,2019,2021,,5,10,175,1610612740,2,Auburn,USA
1629608,Dewan Hernandez,2019,2019,2019,6,10,235,1610612761,20,Miami (FL),USA
1629610,DaQuan Jeffries,2019,2023,,6,5,222,1610612752,8,Tulsa,USA
1629611,Terance Mann,2019,2023,2019,6,5,215,1610612746,14,Florida State,USA
1629617,Reggie Perry,2020,2021,2020,6,8,250,0,,Changwon LG Sakers (Korea),USA
1629619,Myles Powell,2021,2021,,6,2,195,1610612755,5,Seton Hall,USA
1629620,Justin Robinson,2019,2021,2019,6,1,195,0,,Virginia Tech,USA
1629621,Marial Shayok,2019,2019,2019,6,5,198,1610612755,35,Iowa State,Canada
1629622,Max Strus,2019,2023,,6,5,215,1610612748,31,DePaul,USA
1629623,Lindell Wigginton,2021,2023,2019,6,1,189,1610612749,28,Iowa State,Canada
1629624,Kenny Wooten,2019,2019,,6,8,235,1610612752,45,Oregon,USA
1629625,Justin Wright-Foreman,2019,2019,2019,6,0,190,1610612762,3,Hofstra,USA
1629626,Bol Bol,2019,2023,2019,7,2,220,1610612753,10,Oregon,Sudan
1629627,Zion Williamson,2019,2023,2019,6,6,284,1610612740,1,Duke,USA
1629628,RJ Barrett,2019,2023,2019,6,6,214,1610612752,9,Duke,Canada
1629629,Cam Reddish,2019,2023,2019,6,7,217,1610612757,5,Duke,USA
1629630,Ja Morant,2019,2023,2019,6,2,174,1610612763,12,Murray State,USA
1629631,De'Andre Hunter,2019,2023,2019,6,8,221,1610612737,12,Virginia,USA
1629632,Coby White,2019,2023,2019,6,5,195,1610612741,0,North Carolina,USA
1629633,Jarrett Culver,2019,2022,2019,6,6,195,0,,Texas Tech,USA
1629634,Brandon Clarke,2019,2023,2019,6,8,215,1610612763,15,Gonzaga,Canada
1629635,Sekou Doumbouya,2019,2021,2019,6,9,230,0,,Limoges,France
1629636,Darius Garland,2019,2023,2019,6,1,192,1610612739,10,Vanderbilt,USA
1629637,Jaxson Hayes,2019,2023,2019,7,0,220,1610612740,10,Texas,USA
1629638,Nickeil Alexander-Walker,2019,2023,2019,6,5,205,1610612750,9,Virginia Tech,Canada
1629641,Romeo Langford,2019,2023,2019,6,5,216,1610612759,35,Indiana,USA
1629642,Nassir Little,2019,2023,2019,6,5,220,1610612757,10,North Carolina,USA
1629644,KZ Okpala,2019,2022,2019,6,8,215,0,,Stanford,USA
1629645,Kevin Porter Jr.,2019,2023,2019,6,4,203,1610612745,3,Southern California,USA
1629646,Charles Bassey,2021,2023,2021,6,9,230,1610612759,28,Western Kentucky,Nigeria
1629647,Darius Bazley,2019,2023,2019,6,9,216,1610612756,55,Princeton HS (OH),USA
1629648,Jordan Bone,2019,2020,2019,6,2,180,0,,Tennessee,USA
1629649,Ignas Brazdeikis,2019,2021,2019,6,6,221,1610612753,17,Michigan,Canada
1629650,Moses Brown,2019,2022,,7,2,245,0,,UCLA,USA
1629651,Nic Claxton,2019,2023,2019,6,11,215,1610612751,33,Georgia,USA
1629652,Luguentz Dort,2019,2023,,6,4,220,1610612760,5,Arizona State,Canada
1629653,Devon Dotson,2020,2022,,6,1,185,0,,Kansas,USA
1629655,Daniel Gafford,2019,2023,2019,6,10,234,1610612764,21,Arkansas,USA
1629656,Quentin Grimes,2021,2023,2021,6,5,210,1610612752,6,Houston,USA
1629658,Jaylen Hoard,2019,2021,,6,8,216,0,,Wake Forest,France
1629659,Talen Horton-Tucker,2019,2023,2019,6,4,234,1610612762,0,Iowa State,USA
1629660,Ty Jerome,2019,2023,2019,6,5,195,1610612744,10,Virginia,USA
1629661,Cameron Johnson,2019,2023,2019,6,8,210,1610612751,2,North Carolina,USA
1629663,Louis King,2019,2023,,6,7,205,1610612755,23,Oregon,USA
1629665,Jalen Lecque,2019,2020,,6,4,185,0,,Brewster Academy (NH),USA
1629667,Jalen McDaniels,2019,2023,2019,6,9,205,1610612755,7,San Diego State,USA
1629669,Jaylen Nowell,2019,2023,2019,6,4,201,1610612750,4,Washington,USA
1629670,Jordan Nwora,2020,2023,2020,6,9,225,1610612754,13,Louisville,USA
1629671,Miye Oni,2019,2021,2019,6,5,206,0,,Yale,USA
1629672,Eric Paschall,2019,2021,2019,6,6,255,1610612762,0,Villanova,USA
1629673,Jordan Poole,2019,2023,2019,6,4,194,1610612744,3,Michigan,USA
1629674,Neemias Queta,2021,2023,2021,7,0,248,1610612758,88,Utah State,Portugal
1629675,Naz Reid,2019,2023,,6,9,264,1610612750,11,Louisiana State,USA
1629676,Isaiah Roby,2019,2023,2019,6,8,230,1610612752,18,Nebraska,USA
1629677,Luka Samanic,2019,2023,2019,6,10,227,1610612762,19,Union Olimpija,Croatia
1629678,Admiral Schofield,2019,2023,2019,6,5,241,1610612753,25,Tennessee,United Kingdom
1629680,Matisse Thybulle,2019,2023,2019,6,5,201,1610612757,4,Washington,USA
1629682,Tremont Waters,2019,2021,2019,5,10,175,0,,Louisiana State,USA
1629684,Grant Williams,2019,2023,2019,6,6,236,1610612738,12,Tennessee,USA
1629685,Dylan Windler,2019,2023,2019,6,7,196,1610612739,9,Belmont,USA
1629686,Deividas Sirvydis,2020,2021,2019,6,8,190,0,,Lietuvos rytas Vilnius,Lithuania
1629690,Adam Mokoka,2019,2020,,6,4,190,1610612741,20,Mega Basket,France
1629712,Didi Louzada,2020,2021,2019,6,5,188,1610612757,35,,Brazil
1629713,Justin James,2019,2020,2019,6,7,190,1610612758,10,Wyoming,USA
1629714,Jarrell Brantley,2019,2022,2019,6,5,250,0,,College of Charleston,USA
1629716,Marques Bolden,2019,2020,2019,6,10,249,0,,Duke,USA
1629717,Armoni Brooks,2020,2021,2019,6,3,195,1610612761,1,Houston,USA
1629718,Charlie Brown Jr.,2019,2021,,6,6,199,1610612755,16,St. Joseph's (PA),USA
1629719,Devontae Cacok,2019,2021,,6,7,240,1610612759,18,UNC-Wilmington,USA
1629723,John Konchar,2019,2023,,6,5,210,1610612763,46,Indiana-Purdue Fort Wayne,USA
1629724,Vic Law,2019,2019,,6,7,201,1610612753,23,Northwestern,USA
1629725,Jeremiah Martin,2019,2020,,6,2,185,1610612739,3,Memphis,USA
1629726,Garrison Mathews,2019,2023,,6,6,215,1610612737,25,Lipscomb,USA
1629730,Rayjon Tucker,2019,2021,,6,3,209,1610612749,59,Arkansas-Little Rock,USA
1629731,Dean Wade,2019,2023,,6,9,228,1610612739,32,Kansas State,USA
1629734,Kyle Alexander,2019,2019,,6,10,216,1610612748,17,Tennessee,Canada
1629738,Vincent Poirier,2019,2020,,7,0,235,0,,Baskonia,France
1629739,William Howard,2019,2019,,6,8,207,1610612745,52,Limoges,France
1629740,Nicolo Melli,2019,2020,,6,9,236,1610612740,44,,Italy
1629742,Stanton Kidd,2019,2019,,6,6,216,0,,Colorado State,USA
1629743,Donta Hall,2019,2020,,6,10,230,0,,Alabama,USA
1629744,Matt Thomas,2019,2021,,6,3,190,1610612741,21,Iowa State,USA
1629750,Javonte Green,2019,2023,,6,5,205,1610612741,24,Radford,USA
1629751,Dakota Mathias,2020,2021,2018,6,4,200,0,,Purdue,USA
1629752,Juwan Morgan,2019,2021,,6,7,232,1610612738,16,Indiana,USA
1629755,Hassani Gravett,2021,2021,2019,6,2,187,0,,South Carolina,USA
1629760,Matt Mooney,2019,2021,,6,2,199,0,,Texas Tech,USA
1629783,Shaq Buchanan,2021,2021,,6,3,190,0,,Murray State,USA
1629788,Tyler Hall,2021,2021,,6,5,209,0,,Montana State,USA
1629833,Keljin Blevins,2020,2021,2019,6,4,200,1610612757,21,Montana State,USA
1629873,Jaysean Paige,2021,2021,,6,2,200,0,,West Virginia,USA
1629875,Xavier Moon,2021,2023,,6,0,165,1610612746,15,Morehead State,USA
1629958,Ahmad Caver,2021,2021,2019,6,2,174,0,,Old Dominion,USA
1629962,Devin Cannady,2020,2021,2019,6,2,183,1610612753,30,Princeton,USA
1630162,Anthony Edwards,2020,2023,2020,6,4,225,1610612750,1,Georgia,USA
1630163,LaMelo Ball,2020,2023,2020,6,7,180,1610612766,1,Illawarra,USA
1630164,James Wiseman,2020,2023,2020,7,0,240,1610612765,13,Memphis,USA
1630165,Killian Hayes,2020,2023,2020,6,5,195,1610612765,7,Ratiopharm Ulm,France
1630167,Obi Toppin,2020,2023,2020,6,9,220,1610612752,1,Dayton,USA
1630168,Onyeka Okongwu,2020,2023,2020,6,9,240,1610612737,17,Southern California,USA
1630169,Tyrese Haliburton,2020,2023,2020,6,5,185,1610612754,0,Iowa State,USA
1630171,Isaac Okoro,2020,2023,2020,6,5,225,1610612739,35,Auburn,USA
1630172,Patrick Williams,2020,2023,2020,6,7,215,1610612741,44,Florida State,USA
1630173,Precious Achiuwa,2020,2023,2020,6,8,225,1610612761,5,Memphis,Nigeria
1630174,Aaron Nesmith,2020,2023,2020,6,5,215,1610612754,23,Vanderbilt,USA
1630175,Cole Anthony,2020,2023,2020,6,3,185,1610612753,50,North Carolina,USA
1630176,Vernon Carey Jr.,2020,2023,2020,6,10,270,1610612762,13,Duke,USA
1630177,Theo Maledon,2020,2023,2020,6,5,175,1610612766,9,Asvel,France
1630179,Tyrell Terry,2020,2021,2020,6,2,160,1610612763,3,Stanford,USA
1630180,Saddiq Bey,2020,2023,2020,6,7,215,1610612737,41,Villanova,USA
1630181,R.J. Hampton,2020,2022,2020,6,4,175,1610612765,14,,USA
1630182,Josh Green,2020,2023,2020,6,7,200,1610612742,8,Arizona,Australia
1630185,Nico Mannion,2020,2020,2020,6,2,190,1610612744,2,Arizona,Italy
1630186,Jahmi'us Ramsey,2020,2021,2020,6,3,190,0,,Texas Tech,USA
1630187,Daniel Oturu,2020,2021,2020,6,8,240,0,,Minnesota,USA
1630188,Jalen Smith,2020,2023,2020,6,9,215,1610612754,25,Maryland,USA
1630189,Tyler Bey,2020,2020,2020,6,7,215,1610612742,2,Colorado,USA
1630191,Isaiah Stewart,2020,2023,2020,6,8,250,1610612765,28,Washington,USA
1630192,Zeke Nnaji,2020,2023,2020,6,9,240,1610612743,22,Arizona,USA
1630193,Immanuel Quickley,2020,2023,2020,6,2,190,1610612752,5,Kentucky,USA
1630195,Leandro Bolmaro,2021,2022,2020,6,6,200,0,,,Argentina
1630197,Aleksej Pokusevski,2020,2023,2020,7,0,210,1610612760,17,Olympiacos,Serbia
1630199,Cassius Stanley,2020,2021,2020,6,5,190,0,,Duke,USA
1630200,Tre Jones,2020,2023,2020,6,1,185,1610612759,33,Duke,USA
1630202,Payton Pritchard,2020,2023,2020,6,1,195,1610612738,11,Oregon,USA
1630203,Grant Riller,2020,2020,2020,6,2,190,1610612766,7,College of Charleston,USA
1630204,Ashton Hagans,2020,2020,,6,3,190,0,,Kentucky,USA
1630205,Lamar Stevens,2020,2023,,6,6,230,1610612739,8,Penn State,USA
1630208,Nick Richards,2020,2023,2020,7,0,245,1610612766,4,Kentucky,Jamaica
1630209,Omer Yurtseven,2020,2023,,6,11,275,1610612748,77,Georgetown,Turkey
1630210,Markus Howard,2020,2021,,5,10,175,1610612743,00,Marquette,USA
1630211,Karim Mane,2020,2020,,6,3,190,0,,,Senegal
1630214,Xavier Tillman,2020,2023,2020,6,7,245,1610612763,2,Michigan State,USA
1630215,Jared Butler,2021,2023,2021,6,3,193,1610612760,14,Baylor,USA
1630216,Cassius Winston,2020,2021,2020,6,1,185,1610612764,5,Michigan State,USA
1630217,Desmond Bane,2020,2023,2020,6,5,215,1610612763,22,TCU,USA
1630218,Robert Woodard II,2020,2021,2020,6,6,235,1610612759,28,Mississippi State,USA
1630219,Skylar Mays,2020,2022,2020,6,4,205,0,,Louisiana State,USA
1630221,Josh Hall,2020,2020,,6,9,190,1610612760,15,,USA
1630222,Mason Jones,2020,2021,,6,4,200,1610612747,40,Arkansas,USA
1630223,Jalen Harris,2020,2020,2020,6,5,195,0,,Nevada,USA
1630224,Jalen Green,2021,2023,2021,6,4,186,1610612745,4,NBA G League Ignite,USA
1630225,Isaiah Todd,2021,2023,2021,6,9,219,1610612756,14,NBA G League Ignite,USA
1630227,Daishen Nix,2021,2022,,6,4,226,1610612745,15,,USA
1630230,Naji Marshall,2020,2023,,6,7,220,1610612740,8,Xavier,USA
1630231,Kenyon Martin Jr.,2020,2023,2020,6,7,215,1610612745,6,IMG Academy (FL),USA
1630234,Ty-Shon Alexander,2020,2020,,6,3,195,1610612756,0,Creighton,USA
1630235,Trent Forrest,2020,2023,,6,4,210,1610612737,2,Florida State,USA
1630237,Anthony Lamb,2020,2023,,6,6,227,1610612744,40,Vermont,USA
1630238,Malik Fitts,2020,2021,,6,5,230,1610612738,8,,USA
1630240,Saben Lee,2020,2023,2020,6,2,183,1610612756,38,Vanderbilt,USA
1630241,Sam Merrill,2020,2023,2020,6,4,205,1610612739,20,Utah State,USA
1630243,Trevelin Queen,2021,2022,,6,6,190,0,,New Mexico State,USA
1630245,Ayo Dosunmu,2021,2023,2021,6,5,200,1610612741,12,Illinois,USA
1630249,Vit Krejci,2021,2023,2020,6,8,195,1610612737,27,Zaragoza,Czech Republic
1630250,Marko Simonovic,2021,2023,2020,7,0,220,1610612741,19,Mega Basket,Montenegro
1630253,Sean McDermott,2020,2020,,6,6,195,1610612763,30,Butler,USA
1630256,Jae'Sean Tate,2020,2023,,6,5,230,1610612745,8,Ohio State,USA
1630257,Jon Teske,2021,2021,,7,1,265,0,,Michigan,USA
1630258,Caleb Homesley,2020,2020,,6,6,205,1610612764,,Liberty,USA
1630264,Anthony Gill,2020,2023,,6,8,230,1610612764,16,Virginia,USA
1630266,Will Magnay,2020,2020,,6,10,234,0,,,Australia
1630267,Facundo Campazzo,2020,2022,,5,10,195,0,,,Argentina
1630268,Nate Darling,2020,2020,,6,6,200,1610612766,30,Delaware,Canada
1630270,Xavier Sneed,2021,2023,,6,5,215,1610612766,19,Kansas State,USA
1630273,Freddie Gillespie,2020,2021,,6,9,245,0,,Baylor,USA
1630278,Ade Murkey,2021,2021,,6,5,200,0,,Denver,USA
1630284,Kevon Harris,2022,2023,,6,6,216,1610612753,7,Stephen F. Austin,USA
1630288,Jeff Dowtin Jr.,2021,2023,,6,3,177,1610612761,20,Rhode Island,USA
1630296,Braxton Key,2021,2022,,6,8,225,0,,Virginia,USA
1630306,Rob Edwards,2021,2021,,6,5,205,0,,Arizona State,USA
1630311,Pat Spencer,,,,,,,0,,Northwestern,USA
1630314,Brandon Williams,2021,2021,,6,2,190,1610612757,8,Arizona,USA
1630321,Nate Pierre-Louis,,,,,,,0,,Temple,USA
1630322,Lindy Waters III,2021,2023,,6,6,210,1610612760,12,Oklahoma State,USA
1630466,Gabriel Deck,2020,2021,,6,6,231,0,,Real Madrid,Argentina
1630492,Luca Vildoza,2020,2021,,6,3,190,1610612749,6,Baskonia,Argentina
1630526,Jeremiah Robinson-Earl,2021,2023,2021,6,8,240,1610612760,50,Villanova,USA
1630527,Brandon Boston Jr.,2021,2023,2021,6,6,188,1610612746,4,Kentucky,USA
1630528,Josh Christopher,2021,2023,2021,6,4,215,1610612745,9,Arizona State,USA
1630529,Herbert Jones,2021,2023,2021,6,7,206,1610612740,5,Alabama,USA
1630530,Trey Murphy III,2021,2023,2021,6,8,206,1610612740,25,Virginia,USA
1630531,Jaden Springer,2021,2023,2021,6,4,202,1610612755,11,Tennessee,USA
1630533,Ziaire Williams,2021,2023,2021,6,9,185,1610612763,8,Stanford,USA
1630534,Ochai Agbaji,2022,2023,2022,6,5,215,1610612762,30,Kansas,USA
1630535,Greg Brown III,2021,2022,2021,6,7,206,0,,Texas,USA
1630536,Sharife Cooper,2021,2021,2021,6,1,176,1610612737,2,Auburn,USA
1630537,Chris Duarte,2021,2023,2021,6,5,190,1610612754,3,Oregon,Dominican Republic
1630538,Bones Hyland,2021,2023,2021,6,2,169,1610612746,5,Virginia Commonwealth,USA
1630539,Kai Jones,2021,2023,2021,6,11,221,1610612766,23,Texas,Bahamas
1630540,Miles McBride,2021,2023,2021,6,2,195,1610612752,2,West Virginia,USA
1630541,Moses Moody,2021,2023,2021,6,5,211,1610612744,4,Arkansas,USA
1630543,Isaiah Jackson,2021,2023,2021,6,9,205,1610612754,22,Kentucky,USA
1630544,Tre Mann,2021,2023,2021,6,3,178,1610612760,23,Florida,USA
1630548,Johnny Juzang,2022,2023,,6,6,209,1610612762,33,UCLA,USA
1630550,JT Thor,2021,2023,2021,6,9,203,1610612766,21,Auburn,USA
1630551,Justin Champagnie,2021,2023,,6,6,206,1610612738,99,Pittsburgh,USA
1630552,Jalen Johnson,2021,2023,2021,6,8,219,1610612737,1,Duke,USA
1630553,Keon Johnson,2021,2023,2021,6,3,185,1610612757,6,Tennessee,USA
1630554,Jason Preston,2021,2023,2021,6,3,181,1610612746,17,Ohio,USA
1630555,Joel Ayayi,2021,2021,,6,4,180,0,,Gonzaga,France
1630557,Corey Kispert,2021,2023,2021,6,6,224,1610612764,24,Gonzaga,USA
1630558,Davion Mitchell,2021,2023,2021,6,0,202,1610612758,15,Baylor,USA
1630559,Austin Reaves,2021,2023,,6,5,197,1610612747,15,Oklahoma,USA
1630560,Cam Thomas,2021,2023,2021,6,3,210,1610612751,24,Louisiana State,Japan
1630561,David Duke Jr.,2021,2023,,6,4,204,1610612751,6,Providence,USA
1630562,Matthew Hurt,,,,,,,0,,Duke,USA
1630563,Joshua Primo,2021,2022,2021,6,6,189,0,,Alabama,Canada
1630564,RaiQuan Gray,2022,2023,2021,6,7,269,1610612751,0,Florida State,USA
1630565,Aaron Henry,2021,2021,,6,5,210,0,,Michigan State,USA
1630567,Scottie Barnes,2021,2023,2021,6,8,225,1610612761,4,Florida State,USA
1630572,Sandro Mamukelashvili,2021,2023,2021,6,10,240,1610612759,54,Seton Hall,Georgia
1630573,Sam Hauser,2021,2023,,6,7,217,1610612738,30,Virginia,USA
1630575,Scottie Lewis,2021,2021,2021,6,5,185,1610612766,16,Florida,USA
1630577,Julian Champagnie,2022,2023,,6,7,217,1610612759,30,St. John's,USA
1630578,Alperen Sengun,2021,2023,2021,6,11,243,1610612745,28,Besiktas,Turkey
1630579,Jericho Sims,2021,2023,2021,6,10,250,1610612752,45,Texas,USA
1630580,Joe Wieskamp,2021,2023,2021,6,6,205,1610612761,11,Iowa,USA
1630581,Josh Giddey,2021,2023,2021,6,8,216,1610612760,3,NBA Global Academy,Australia
1630582,Yves Pons,2021,2021,,6,5,206,1610612763,5,Tennessee,France
1630583,Santi Aldama,2021,2023,2021,7,0,215,1610612763,7,Loyola-Maryland,Spain
1630585,Marcus Garrett,2021,2021,,6,5,205,0,,Kansas,USA
1630586,Usman Garuba,2021,2023,2021,6,8,229,1610612745,16,Real Madrid,Spain
1630587,Isaiah Livers,2021,2023,2021,6,6,232,1610612765,12,Michigan,USA
1630588,Makur Maker,,,,,,,0,,Capital City Go-Go,South Sudan
1630589,Moses Wright,2021,2021,,6,8,226,1610612742,5,Georgia Tech,USA
1630591,Jalen Suggs,2021,2023,2021,6,5,205,1610612753,4,Gonzaga,USA
1630593,McKinley Wright IV,2021,2023,,5,11,192,1610612742,23,Colorado,USA
1630595,Cade Cunningham,2021,2023,2021,6,7,220,1610612765,2,Oklahoma State,USA
1630596,Evan Mobley,2021,2023,2021,6,11,215,1610612739,4,Southern California,USA
1630597,DJ Stewart,2021,2021,,6,5,205,1610612759,18,Mississippi State,USA
1630598,Aaron Wiggins,2021,2023,2021,6,5,190,1610612760,21,Maryland,USA
1630600,Isaiah Mobley,2022,2023,2022,6,8,238,1610612739,15,Southern California,USA
1630602,Chaundee Brown,2021,2021,,6,5,215,1610612737,38,Michigan State,USA
1630606,Javonte Smart,2021,2021,,6,4,205,1610612748,15,Birmingham Squadron,USA
1630610,DeJon Jarreau,2021,2021,,6,5,185,0,,Houston,USA
1630612,RJ Nembhard Jr.,2021,2021,,6,4,200,1610612739,5,Texas Christian,USA
1630613,Duane Washington Jr.,2021,2023,,6,2,197,1610612752,4,Ohio State,Germany
1630620,Darius Days,2022,2023,,6,7,245,1610612745,5,Louisiana State,USA
1630622,Jalen Crutcher,,,,,,,0,,University of Dayton,USA
1630624,Feron Hunt,2021,2021,,6,8,195,1610612752,11,Southern Methodist,USA
1630625,Dalano Banton,2021,2023,2021,6,7,204,1610612761,45,Nebraska,Canada
1630627,Isaiah Miller,,,,,,,0,,North Carolina-Greensboro,USA
1630631,Jose Alvarado,2021,2023,,6,0,179,1610612740,15,Georgia Tech,USA
1630637,Carlik Jones,2021,2023,,6,0,174,1610612741,22,Louisville,USA
1630639,A.J. Lawson,2022,2023,,6,6,179,1610612742,9,South Carolina,Canada
1630640,MJ Walker,2021,2021,,6,5,213,0,,Florida State,USA
1630643,Jay Huff,2021,2023,,7,1,240,1610612764,34,Virginia,USA
1630647,Eugene Omoruyi,2021,2022,,6,6,235,1610612765,97,Oregon,Nigeria
1630648,Jordan Schakel,2021,2022,,6,6,200,0,,San Diego State,USA
1630649,Stanley Umude,2022,2022,,6,6,210,0,,Arkansas,USA
1630678,Terry Taylor,2021,2023,,6,4,230,1610612741,32,Austin Peay,USA
1630686,Georgios Kalaitzakis,2021,2021,2021,6,7,192,0,,Panathinaikos,Greece
1630688,Ish Wainright,2021,2023,,6,5,250,1610612756,12,Baylor,USA
1630691,Jamorko Pickett,2021,2021,,6,9,206,1610612765,24,Georgetown,USA
1630692,Jordan Goodwin,2021,2023,,6,3,200,1610612756,7,St. Louis,USA
1630693,Jaime Echenique,2021,2021,,6,10,258,0,,Wichita State,Colombia
1630695,Micah Potter,2021,2023,,6,8,248,1610612762,25,Wisconsin,USA
1630698,Kevin Pangos,2021,2021,,6,1,179,0,,Gonzaga,Canada
1630699,MarJon Beauchamp,2021,2023,2022,6,7,199,1610612749,0,NBA G League Ignite,USA
1630700,Dyson Daniels,2021,2023,2022,6,7,199,1610612740,11,NBA G League Ignite,Australia
1630701,Michael Foster Jr.,2022,2022,,6,8,250,0,,,USA
1630702,Jaden Hardy,2021,2023,2022,6,3,198,1610612742,3,NBA G League Ignite,USA
1630758,Aleem Ford,2021,2021,,6,8,220,0,,LeonesdePonce,USA
1630787,Cameron McGriff,2021,2021,,6,7,220,0,,Oklahoma State,USA
1630792,Malcolm Hill,2021,2022,,6,6,220,0,,Illinois,USA
1630846,Olivier Sarr,2021,2023,,6,11,240,1610612760,30,Kentucky,France
1631093,Jaden Ivey,2022,2023,2022,6,4,195,1610612765,23,Purdue,USA
1631094,Paolo Banchero,2022,2023,2022,6,10,250,1610612753,5,Duke,USA
1631095,Jabari Smith Jr.,2022,2023,2022,6,11,220,1610612745,1,Auburn,USA
1631096,Chet Holmgren,2022,2023,2022,7,1,195,1610612760,7,Gonzaga,USA
1631097,Bennedict Mathurin,2022,2023,2022,6,5,210,1610612754,00,Arizona,Canada
1631098,Johnny Davis,2022,2023,2022,6,4,195,1610612764,1,Wisconsin,USA
1631099,Keegan Murray,2022,2023,2022,6,8,225,1610612758,13,Iowa,USA
1631100,AJ Griffin,2022,2023,2022,6,6,220,1610612737,14,Duke,USA
1631101,Shaedon Sharpe,2022,2023,2022,6,5,200,1610612757,17,Kentucky,Canada
1631102,TyTy Washington Jr.,2022,2023,2022,6,3,195,1610612745,0,Kentucky,USA
1631103,Malaki Branham,2022,2023,2022,6,4,180,1610612759,22,Ohio State,USA
1631104,Blake Wesley,2022,2023,2022,6,4,185,1610612759,14,Notre Dame,USA
1631105,Jalen Duren,2022,2023,2022,6,11,250,1610612765,0,Memphis,USA
1631106,Tari Eason,2022,2023,2022,6,8,215,1610612745,17,Louisiana State,USA
1631107,Nikola Jovic,2022,2023,2022,6,10,205,1610612748,5,,Serbia
1631109,Mark Williams,2022,2023,2022,7,0,240,1610612766,5,Duke,USA
1631110,Jeremy Sochan,2022,2023,2022,6,8,230,1610612759,10,Baylor,Poland
1631111,Wendell Moore Jr.,2022,2023,2022,6,5,215,1610612750,7,Duke,USA
1631112,Kendall Brown,2022,2023,2022,6,7,205,1610612754,10,Baylor,USA
1631113,Kennedy Chandler,2022,2022,2022,5,11,170,0,,Tennessee,USA
1631114,Jalen Williams,2022,2023,2022,6,5,211,1610612760,8,Santa Clara,USA
1631115,Orlando Robinson,2022,2023,,6,10,235,1610612748,25,Fresno State,USA
1631116,Patrick Baldwin Jr.,2022,2023,2022,6,9,220,1610612744,7,Wisconsin-Milwaukee,USA
1631117,Walker Kessler,2022,2023,2022,7,0,245,1610612762,24,Auburn,USA
1631120,J.D. Davison,2022,2023,2022,6,1,195,1610612738,20,Alabama,USA
1631122,Gabe Brown,,,,,,,0,,Michigan State,USA
1631123,Jamaree Bouyea,2022,2023,,6,2,180,1610612748,11,San Francisco,USA
1631128,Christian Braun,2022,2023,2022,6,6,220,1610612743,0,Kansas,USA
1631132,Christian Koloko,2022,2023,2022,7,0,230,1610612761,35,Arizona,Cameroon
1631157,Ryan Rollins,2022,2023,2022,6,3,180,1610612744,2,Toledo,USA
1631160,Jordan Hall,2022,2022,,6,7,215,0,,St. Joseph's (PA),USA
1631165,Keon Ellis,2022,2023,,6,3,175,1610612758,23,Alabama,USA
1631169,Josh Minott,2022,2023,2022,6,8,205,1610612750,8,Memphis,USA
1631171,Justin Lewis,2022,2023,,6,7,245,1610612741,34,Marquette,USA
1631199,Ron Harper Jr.,2022,2023,,6,5,245,1610612761,8,Rutgers,USA
1631205,Buddy Boeheim,2022,2023,,6,6,205,1610612765,27,Syracuse,USA
1631207,Dalen Terry,2022,2023,2022,6,7,195,1610612741,25,Arizona,USA
1631211,Trevor Keels,2022,2023,2022,6,4,221,1610612752,3,Duke,USA
1631212,Peyton Watson,2022,2023,2022,6,7,200,1610612743,8,UCLA,USA
1631213,Tyrese Martin,2022,2023,2022,6,6,215,1610612737,22,Connecticut,USA
1631214,Alondes Williams,2022,2022,,6,4,210,0,,Wake Forest,USA
1631216,Caleb Houstan,2022,2023,2022,6,8,205,1610612753,2,Michigan,Canada
1631217,Moussa Diabate,2022,2023,2022,6,10,210,1610612746,25,Michigan,France
1631220,Dereon Seabron,2022,2023,,6,5,180,1610612740,0,North Carolina State,USA
1631221,Collin Gillespie,2022,2023,,6,1,195,1610612743,21,Villanova,USA
1631222,Jake LaRavia,2022,2023,2022,6,7,235,1610612763,3,Wake Forest,USA
1631223,David Roddy,2022,2023,2022,6,4,255,1610612763,27,Colorado State,USA
1631230,Dominick Barlow,2022,2023,,6,9,215,1610612759,26,Overtime Elite,USA
1631234,Marcus Bingham Jr.,,,,,,,0,,Michigan State,USA
1631246,Vince Williams Jr.,2022,2023,2022,6,4,205,1610612763,5,Virginia Commonwealth,USA
1631254,Kenneth Lofton Jr.,2022,2023,,6,6,275,1610612763,6,Louisiana Tech,USA
1631260,AJ Green,2022,2023,,6,5,190,1610612749,20,Northern Iowa,USA
1631262,Jules Bernard,,,,,,,0,,UCLA,USA
1631288,Jamal Cain,2022,2023,,6,6,191,1610612748,8,Oakland,USA
1631298,Jack White,2022,2023,,6,7,225,1610612743,10,Duke,Australia
1631300,Drake Jeffries,,,,,,,0,,Wyoming,USA
1631301,Jaylen Sims,,,,,,,0,,UNC Wilmington,USA
1631306,Cole Swider,2022,2023,,6,9,220,1610612747,20,Syracuse,USA
1631311,Lester Quinones,2022,2023,,6,4,208,1610612744,25,Memphis,USA
1631320,Chima Moneke,2022,2022,,6,5,223,0,,Cal-Davis,Nigeria
1631323,Simone Fontecchio,2022,2023,,6,7,209,1610612762,16,Baskonia,Italy
1631338,Mouhamadou Gueye,,,,,,,0,,Pittsburgh,USA
1631342,Daeqwon Plowden,,,,,,,0,,Bowling Green,USA
1631347,Anthony Duruji,,,,,,,0,,Florida,USA
